Peak Brightness Date/Time (UT),Latitude (deg.),Longitude (deg.),Altitude (km),Velocity (km/s),vx,vy,vz,Total Radiated Energy (J),Calculated Total Impact Energy (kt),peak_brightness,year,month,hour,latitude,longitude
2019-10-10 16:16:36,44.3N,122.9E,47.3,14.1,1.5,-12.9,-5.4,206000000000.0,0.57,2019-10-10 16:16:36,2019,10,16,44.3,122.9
2019-09-28 10:40:20,12.5S,107.2W,52.0,20.4,-10.1,11.2,13.7,23000000000.0,0.08199999999999999,2019-09-28 10:40:20,2019,9,10,-12.5,-107.2
2019-09-27 13:35:46,25.7N,28.4W,,,,,,34000000000.0,0.12,2019-09-27 13:35:46,2019,9,13,25.7,-28.4
2019-09-14 12:39:34,38.6S,33.5W,38.0,15.9,-12.9,8.1,4.6,109000000000.0,0.33,2019-09-14 12:39:34,2019,9,12,-38.6,-33.5
2019-09-13 02:02:04,18.6S,126.9E,27.4,13.5,5.2,-8.1,9.5,42000000000.0,0.14,2019-09-13 02:02:04,2019,9,2,-18.6,126.9
2019-09-12 12:49:48,54.5N,9.2E,42.0,18.5,-18.1,-0.4,3.7,169000000000.0,0.48,2019-09-12 12:49:48,2019,9,12,54.5,9.2
2019-09-12 02:34:58,24.9N,47.8W,30.6,17.2,-11.7,11.7,4.6,59000000000.0,0.19,2019-09-12 02:34:58,2019,9,2,24.9,-47.8
2019-08-24 12:02:59,21.9N,130.4W,39.8,13.4,11.1,-5.2,5.4,40000000000.0,0.13,2019-08-24 12:02:59,2019,8,12,21.9,-130.4
2019-08-22 21:47:29,24.4S,92.9W,30.2,,,,,20000000000.0,0.073,2019-08-22 21:47:29,2019,8,21,-24.4,-92.9
2019-08-16 20:36:05,38.9N,7.0E,36.0,14.9,-3.9,4.0,-13.8,25000000000.0,0.08900000000000001,2019-08-16 20:36:05,2019,8,20,38.9,7.0
2019-07-23 20:42:58,44.6N,147.6W,30.6,16.1,1.5,15.1,-5.5,255000000000.0,0.69,2019-07-23 20:42:58,2019,7,20,44.6,-147.6
2019-06-30 16:52:58,21.2N,129.5W,59.0,42.3,25.2,31.2,-13.3,32000000000.0,0.11,2019-06-30 16:52:58,2019,6,16,21.2,-129.5
2019-06-30 08:11:29,2.5S,168.7E,,,,,,21000000000.0,0.076,2019-06-30 08:11:29,2019,6,8,-2.5,168.7
2019-06-22 21:25:48,14.9N,66.2W,25.0,14.9,-13.4,6.0,2.5,2947000000000.0,6.0,2019-06-22 21:25:48,2019,6,21,14.9,-66.2
2019-06-20 06:07:32,7.3N,67.6W,37.0,,,,,28000000000.0,0.098,2019-06-20 06:07:32,2019,6,6,7.3,-67.6
2019-05-26 10:07:55,56.6N,25.3W,24.4,17.5,3.8,-5.8,16.1,42000000000.0,0.14,2019-05-26 10:07:55,2019,5,10,56.6,-25.3
2019-05-25 06:44:04,19.2S,89.4E,29.2,15.8,0.2,-15.7,2.1,49000000000.0,0.16,2019-05-25 06:44:04,2019,5,6,-19.2,89.4
2019-05-22 15:16:49,10.8N,37.3W,32.6,,,,,95000000000.0,0.29,2019-05-22 15:16:49,2019,5,15,10.8,-37.3
2019-05-21 13:21:35,38.8S,137.5E,31.5,11.5,4.4,-8.5,6.4,656000000000.0,1.6,2019-05-21 13:21:35,2019,5,13,-38.8,137.5
2019-05-19 14:47:03,23.6S,132.8E,33.3,15.2,7.3,-12.2,5.3,33000000000.0,0.11,2019-05-19 14:47:03,2019,5,14,-23.6,132.8
2019-05-12 22:41:48,6.2N,57.1W,,,,,,21000000000.0,0.076,2019-05-12 22:41:48,2019,5,22,6.2,-57.1
2019-05-04 15:35:46,28.4N,88.3W,26.5,,,,,22000000000.0,0.079,2019-05-04 15:35:46,2019,5,15,28.4,-88.3
2019-04-22 21:42:11,48.8S,67.8E,33.3,11.4,3.4,-4.2,10.0,124000000000.0,0.37,2019-04-22 21:42:11,2019,4,21,-48.8,67.8
2019-04-14 17:54:33,18.3N,74.6W,30.6,15.9,-2.5,5.9,-14.6,29000000000.0,0.1,2019-04-14 17:54:33,2019,4,17,18.3,-74.6
2019-04-06 11:59:09,56.5N,94.9E,41.5,18.1,6.2,11.1,-12.9,70000000000.0,0.22,2019-04-06 11:59:09,2019,4,11,56.5,94.9
2019-04-04 22:19:01,35.3N,93.9W,,,,,,28000000000.0,0.098,2019-04-04 22:19:01,2019,4,22,35.3,-93.9
2019-03-27 12:50:34,41.8S,7.4W,,,,,,22000000000.0,0.079,2019-03-27 12:50:34,2019,3,12,-41.8,-7.4
2019-03-19 02:06:39,24.0S,140.3E,28.7,16.2,10.2,0.4,12.6,20000000000.0,0.073,2019-03-19 02:06:39,2019,3,2,-24.0,140.3
2019-03-15 12:26:56,63.7N,95.7E,31.5,14.4,5.4,-13.2,1.7,46000000000.0,0.15,2019-03-15 12:26:56,2019,3,12,63.7,95.7
2019-02-18 10:00:43,15.5S,25.3E,26.0,20.8,-16.6,-12.6,0.6,1958000000000.0,4.2,2019-02-18 10:00:43,2019,2,10,-15.5,25.3
2019-02-01 18:17:10,22.5N,83.8W,23.7,16.3,-2.4,13.6,8.7,579000000000.0,1.4,2019-02-01 18:17:10,2019,2,18,22.5,-83.8
2019-01-29 20:47:20,,,,,,,,25000000000.0,0.08900000000000001,2019-01-29 20:47:20,2019,1,20,0.0,0.0
2019-01-22 09:18:01,18.0N,6.5E,42.5,11.6,-8.6,-5.9,5.0,36000000000.0,0.12,2019-01-22 09:18:01,2019,1,9,18.0,6.5
2018-12-23 23:38:03,47.5S,174.4W,31.8,16.5,9.9,7.6,10.8,89000000000.0,0.27,2018-12-23 23:38:03,2018,12,23,-47.5,-174.4
2018-12-18 23:48:20,56.9N,172.4E,25.6,32.0,6.3,-3.0,-31.2,130000000000000.0,173.0,2018-12-18 23:48:20,2018,12,23,56.9,172.4
2018-11-20 17:30:28,25.3N,6.7W,27.4,17.4,-10.1,13.9,3.0,422000000000.0,1.1,2018-11-20 17:30:28,2018,11,17,25.3,-6.7
2018-11-17 21:48:24,47.3N,172.9W,32.5,19.1,7.6,17.3,-2.7,220000000000.0,0.61,2018-11-17 21:48:24,2018,11,21,47.3,-172.9
2018-11-15 08:02:44,42N,57W,,,,,,20000000000.0,0.073,2018-11-15 08:02:44,2018,11,8,42.0,-57.0
2018-11-14 04:03:47,37.6S,83.5E,37.0,,,,,38000000000.0,0.13,2018-11-14 04:03:47,2018,11,4,-37.6,83.5
2018-10-24 21:19:07,6.7S,148.6W,33.3,,,,,47000000000.0,0.16,2018-10-24 21:19:07,2018,10,21,-6.7,-148.6
2018-10-22 07:11:03,,,,,,,,26000000000.0,0.092,2018-10-22 07:11:03,2018,10,7,0.0,0.0
2018-10-05 00:27:04,39.8S,31.7W,31.5,14.7,-13.2,-6.5,-0.4,38000000000.0,0.13,2018-10-05 00:27:04,2018,10,0,-39.8,-31.7
2018-09-25 14:10:33,23.5S,56.8E,33.0,16.5,-16.2,2.8,0.6,806000000000.0,1.9,2018-09-25 14:10:33,2018,9,14,-23.5,56.8
2018-09-25 00:16:59,34.3S,44.9E,40.7,12.5,-11.0,2.5,-5.5,53000000000.0,0.17,2018-09-25 00:16:59,2018,9,0,-34.3,44.9
2018-09-20 18:29:03,67.3S,75.1E,,11.1,-5.6,-7.9,5.5,83000000000.0,0.26,2018-09-20 18:29:03,2018,9,18,-67.3,75.1
2018-09-17 01:08:02,6.8S,27.8W,,,,,,150000000000.0,0.43,2018-09-17 01:08:02,2018,9,1,-6.8,-27.8
2018-09-13 00:51:21,42.5N,50.1W,,,,,,42000000000.0,0.14,2018-09-13 00:51:21,2018,9,0,42.5,-50.1
2018-08-27 04:36:45,1.7S,141.4E,33.0,16.1,9.8,-9.6,-8.4,24000000000.0,0.086,2018-08-27 04:36:45,2018,8,4,-1.7,141.4
2018-08-21 12:26:14,39.2S,162.9W,37.0,,,,,22000000000.0,0.079,2018-08-21 12:26:14,2018,8,12,-39.2,-162.9
2018-07-27 09:35:14,58.8S,105.8E,32.0,,,,,105000000000.0,0.32,2018-07-27 09:35:14,2018,7,9,-58.8,105.8
2018-07-25 21:55:26,76.9N,69.0W,43.3,24.4,20.4,12.9,-3.8,877000000000.0,2.1,2018-07-25 21:55:26,2018,7,21,76.9,-69.0
2018-07-17 15:17:37,82.5N,136.7W,,,,,,211000000000.0,0.59,2018-07-17 15:17:37,2018,7,15,82.5,-136.7
2018-06-26 17:51:53,32.0N,12.1E,63.0,14.1,-10.0,-1.0,-9.9,29000000000.0,0.1,2018-06-26 17:51:53,2018,6,17,32.0,12.1
2018-06-21 01:16:20,52.8N,38.1E,27.2,14.4,-8.9,-4.3,-10.5,1224000000000.0,2.8,2018-06-21 01:16:20,2018,6,1,52.8,38.1
2018-06-02 16:44:12,21.2S,23.3E,28.7,16.9,0.9,-16.4,3.9,375000000000.0,0.98,2018-06-02 16:44:12,2018,6,16,-21.2,23.3
2018-05-12 03:26:46,6.5S,173.7E,34.0,,,,,193000000000.0,0.54,2018-05-12 03:26:46,2018,5,3,-6.5,173.7
2018-05-08 02:27:13,32N,60.7W,,,,,,73000000000.0,0.23,2018-05-08 02:27:13,2018,5,2,32.0,-60.7
2018-05-03 07:23:59,46.9N,7.5W,39.0,11.5,1.3,-2.1,-11.2,38000000000.0,0.13,2018-05-03 07:23:59,2018,5,7,46.9,-7.5
2018-04-30 13:17:57,45.5S,1.4W,34.0,13.1,8.7,-9.5,2.5,30000000000.0,0.1,2018-04-30 13:17:57,2018,4,13,-45.5,-1.4
2018-04-21 12:06:04,59.0S,45.8E,28.2,14.6,7.1,-4.6,11.9,36000000000.0,0.12,2018-04-21 12:06:04,2018,4,12,-59.0,45.8
2018-04-19 14:02:27,7.5N,3.6E,30.0,20.9,-9.1,-2.5,18.6,72000000000.0,0.23,2018-04-19 14:02:27,2018,4,14,7.5,3.6
2018-04-19 13:39:38,22.2S,72.6E,31.5,10.9,-5.9,-9.1,1.4,512000000000.0,1.3,2018-04-19 13:39:38,2018,4,13,-22.2,72.6
2018-04-07 03:05:09,72.4N,78.7W,31.5,,,,,86000000000.0,0.27,2018-04-07 03:05:09,2018,4,3,72.4,-78.7
2018-02-21 01:28:03,13.5S,37.1W,31.5,13.1,-0.9,13.1,-0.4,71000000000.0,0.22,2018-02-21 01:28:03,2018,2,1,-13.5,-37.1
2018-02-15 13:38:22,43.8S,1.1W,50.7,,,,,27000000000.0,0.095,2018-02-15 13:38:22,2018,2,13,-43.8,-1.1
2018-02-12 02:15:19,15.9S,58.9W,,,,,,39000000000.0,0.13,2018-02-12 02:15:19,2018,2,2,-15.9,-58.9
2018-02-08 22:21:41,42.9N,179.7E,43.5,,,,,259000000000.0,0.7,2018-02-08 22:21:41,2018,2,22,42.9,179.7
2018-02-01 12:21:36,19.4S,104.3E,37.0,16.5,8.1,-8.4,-11.7,190000000000.0,0.53,2018-02-01 12:21:36,2018,2,12,-19.4,104.3
2018-01-22 22:06:30,14.0N,17.4W,,,,,,32000000000.0,0.11,2018-01-22 22:06:30,2018,1,22,14.0,-17.4
2018-01-15 02:18:38,52.0S,57.2E,43.6,23.7,18.6,-12.1,8.4,199000000000.0,0.56,2018-01-15 02:18:38,2018,1,2,-52.0,57.2
2018-01-06 21:24:22,55.8N,52.5E,26.0,21.0,0.8,2.2,-20.9,28000000000.0,0.098,2018-01-06 21:24:22,2018,1,21,55.8,52.5
2018-01-06 18:24:28,39.5S,12.8E,26.0,,,,,36000000000.0,0.12,2018-01-06 18:24:28,2018,1,18,-39.5,12.8
2017-12-31 09:36:10,63.5S,101.3W,64.5,,,,,44000000000.0,0.15,2017-12-31 09:36:10,2017,12,9,-63.5,-101.3
2017-12-29 12:47:31,14.6N,49.5W,38.0,,,,,110000000000.0,0.33,2017-12-29 12:47:31,2017,12,12,14.6,-49.5
2017-12-28 17:45:44,,,,,,,,114000000000.0,0.34,2017-12-28 17:45:44,2017,12,17,0.0,0.0
2017-12-15 13:14:37,60.2N,170.0E,20.0,31.4,27.8,-4.7,-13.9,3114000000000.0,6.4,2017-12-15 13:14:37,2017,12,13,60.2,170.0
2017-11-19 04:17:32,24.2S,135.0E,33.3,11.4,6.7,-3.4,8.6,28000000000.0,0.098,2017-11-19 04:17:32,2017,11,4,-24.2,135.0
2017-10-26 22:05:35,21.3S,177.6E,42.5,,,,,558000000000.0,1.4,2017-10-26 22:05:35,2017,10,22,-21.3,177.6
2017-10-23 15:31:23,28.8N,44.6E,35.4,16.7,-5.7,-10.7,-11.5,24000000000.0,0.086,2017-10-23 15:31:23,2017,10,15,28.8,44.6
2017-10-15 04:33:16,65.2S,128.2E,24.1,15.9,9.5,-8.3,9.7,33000000000.0,0.11,2017-10-15 04:33:16,2017,10,4,-65.2,128.2
2017-10-09 12:51:48,18.3S,64.1W,,,,,,30000000000.0,0.1,2017-10-09 12:51:48,2017,10,12,-18.3,-64.1
2017-10-04 12:07:05,28.1N,99.4E,37.0,14.6,-8.5,-9.0,7.8,192000000000.0,0.54,2017-10-04 12:07:05,2017,10,12,28.1,99.4
2017-09-05 05:11:27,49.3N,116.9W,36.0,14.7,12.7,-6.1,-4.2,38000000000.0,0.13,2017-09-05 05:11:27,2017,9,5,49.3,-116.9
2017-07-31 22:01:35,24.7N,118.5W,,,,,,58000000000.0,0.19,2017-07-31 22:01:35,2017,7,22,24.7,-118.5
2017-07-23 06:12:38,6.6S,69.7W,38.0,17.2,-0.4,8.7,-14.8,35000000000.0,0.12,2017-07-23 06:12:38,2017,7,6,-6.6,-69.7
2017-07-13 09:30:36,23.1N,60.7E,35.0,13.7,-10.0,-6.5,-6.8,73000000000.0,0.23,2017-07-13 09:30:36,2017,7,9,23.1,60.7
2017-06-30 14:26:45,34.3S,134.5E,20.0,15.2,10.9,-9.7,4.2,94000000000.0,0.29,2017-06-30 14:26:45,2017,6,14,-34.3,134.5
2017-06-23 20:21:55,57.0N,143.7E,35.1,24.3,17.7,13.1,-10.3,184000000000.0,0.52,2017-06-23 20:21:55,2017,6,20,57.0,143.7
2017-06-20 13:41:32,54.2S,133.0E,33.3,13.6,8.7,-5.7,8.8,636000000000.0,1.6,2017-06-20 13:41:32,2017,6,13,-54.2,133.0
2017-05-24 07:03:03,9.1S,101.8E,46.0,18.4,-6.5,-16.5,-5.0,90000000000.0,0.28,2017-05-24 07:03:03,2017,5,7,-9.1,101.8
2017-05-22 17:44:39,49.6S,157.6W,33.0,,,,,35000000000.0,0.12,2017-05-22 17:44:39,2017,5,17,-49.6,-157.6
2017-05-14 09:30:35,26.0S,32.4E,33.0,,,,,35000000000.0,0.12,2017-05-14 09:30:35,2017,5,9,-26.0,32.4
2017-04-30 21:28:28,25.7S,56.2E,32.4,21.5,-13.4,-14.2,8.9,150000000000.0,0.43,2017-04-30 21:28:28,2017,4,21,-25.7,56.2
2017-03-11 04:51:21,28.3N,60.2W,28.0,,,,,1263000000000.0,2.9,2017-03-11 04:51:21,2017,3,4,28.3,-60.2
2017-03-09 04:16:37,40.5N,18.0W,23.0,36.5,-15.3,25.8,-20.8,400000000000.0,1.0,2017-03-09 04:16:37,2017,3,4,40.5,-18.0
2017-03-08 22:21:59,26.1S,174.9E,37.0,,,,,72000000000.0,0.23,2017-03-08 22:21:59,2017,3,22,-26.1,174.9
2017-02-25 01:22:59,29.5N,13.5E,25.4,12.2,-7.6,-9.3,2.2,65000000000.0,0.21,2017-02-25 01:22:59,2017,2,1,29.5,13.5
2017-02-22 18:47:30,50.7S,66.0W,,,,,,38000000000.0,0.13,2017-02-22 18:47:30,2017,2,18,-50.7,-66.0
2017-02-18 19:48:29,6.2N,60.4E,38.0,24.2,-6.6,-22.7,-5.3,295000000000.0,0.79,2017-02-18 19:48:29,2017,2,19,6.2,60.4
2017-02-07 17:37:31,27.4S,14.8W,54.0,,,,,20000000000.0,0.073,2017-02-07 17:37:31,2017,2,17,-27.4,-14.8
2017-02-06 06:09:59,10.4N,131.6E,33.5,,,,,66000000000.0,0.21,2017-02-06 06:09:59,2017,2,6,10.4,131.6
2016-12-23 03:29:09,21.3N,49.3E,42.0,29.7,-22.4,16.4,-10.5,38000000000.0,0.13,2016-12-23 03:29:09,2016,12,3,21.3,49.3
2016-12-07 04:51:39,34.5S,126.6W,,,,,,117000000000.0,0.35,2016-12-07 04:51:39,2016,12,4,-34.5,-126.6
2016-11-29 08:05:38,30.6S,93.1W,,,,,,31000000000.0,0.11,2016-11-29 08:05:38,2016,11,8,-30.6,-93.1
2016-11-24 14:10:34,15.2S,80.3E,30.6,17.4,9.1,-11.2,9.7,138000000000.0,0.4,2016-11-24 14:10:34,2016,11,14,-15.2,80.3
2016-11-03 17:14:29,39.6S,16.3W,37.0,,,,,76000000000.0,0.24,2016-11-03 17:14:29,2016,11,17,-39.6,-16.3
2016-10-01 20:23:45,36.2N,6.7E,27.8,14.2,-10.0,3.9,-9.3,31000000000.0,0.11,2016-10-01 20:23:45,2016,10,20,36.2,6.7
2016-09-22 04:57:49,51.8S,178.5E,40.0,17.5,-2.5,-3.3,17.0,71000000000.0,0.22,2016-09-22 04:57:49,2016,9,4,-51.8,178.5
2016-09-14 15:01:51,3.5S,44.6E,54.0,18.3,3.5,-16.2,7.7,76000000000.0,0.24,2016-09-14 15:01:51,2016,9,15,-3.5,44.6
2016-08-27 21:45:13,56.9S,162.2E,42.0,,,,,142000000000.0,0.41,2016-08-27 21:45:13,2016,8,21,-56.9,162.2
2016-08-11 05:59:58,43.7S,53.8E,34.3,14.9,-0.7,-11.4,9.6,184000000000.0,0.52,2016-08-11 05:59:58,2016,8,5,-43.7,53.8
2016-08-05 18:02:44,46.4N,171.6E,32.4,,,,,121000000000.0,0.36,2016-08-05 18:02:44,2016,8,18,46.4,171.6
2016-07-21 00:48:53,7.8N,1.6W,37.0,,,,,45000000000.0,0.15,2016-07-21 00:48:53,2016,7,0,7.8,-1.6
2016-07-05 01:24:26,1.0N,48.6E,38.2,25.1,-10.3,-2.0,-22.8,153000000000.0,0.44,2016-07-05 01:24:26,2016,7,1,1.0,48.6
2016-06-27 10:02:42,15.8N,11.9W,33.3,29.1,-29.1,1.5,0.7,458000000000.0,1.2,2016-06-27 10:02:42,2016,6,10,15.8,-11.9
2016-06-05 06:12:55,17.4S,138.3E,28.7,14.5,6.0,-11.9,5.7,331000000000.0,0.87,2016-06-05 06:12:55,2016,6,6,-17.4,138.3
2016-06-02 10:56:32,33.8N,110.9W,,,,,,172000000000.0,0.49,2016-06-02 10:56:32,2016,6,10,33.8,-110.9
2016-05-29 12:14:55,10.2N,48.8W,32.0,,,,,69000000000.0,0.22,2016-05-29 12:14:55,2016,5,12,10.2,-48.8
2016-05-20 11:59:46,32.8S,15.1E,30.6,20.8,5.4,-9.9,17.5,20000000000.0,0.073,2016-05-20 11:59:46,2016,5,11,-32.8,15.1
2016-05-16 10:09:41,3.2N,6.6E,41.7,12.2,-6.7,-3.3,-9.6,519000000000.0,1.3,2016-05-16 10:09:41,2016,5,10,3.2,6.6
2016-05-13 00:34:01,26.2N,122.3W,33.0,,,,,101000000000.0,0.31,2016-05-13 00:34:01,2016,5,0,26.2,-122.3
2016-04-24 05:39:24,9.8N,42.8W,50.0,,,,,146000000000.0,0.42,2016-04-24 05:39:24,2016,4,5,9.8,-42.8
2016-04-18 11:59:10,20.7N,14.5W,31.5,17.1,-3.5,2.2,-16.6,224000000000.0,0.62,2016-04-18 11:59:10,2016,4,11,20.7,-14.5
2016-04-12 09:51:40,38.3N,162.2E,,,,,,20000000000.0,0.073,2016-04-12 09:51:40,2016,4,9,38.3,162.2
2016-04-10 14:57:53,22.0N,149.0E,35.2,15.1,4.7,-12.9,-6.4,655000000000.0,1.6,2016-04-10 14:57:53,2016,4,14,22.0,149.0
2016-03-16 23:54:20,49.2S,6.3W,42.0,13.3,-7.6,9.1,6.0,32000000000.0,0.11,2016-03-16 23:54:20,2016,3,23,-49.2,-6.3
2016-03-03 01:32:43,48.0S,51.0E,31.8,11.7,4.8,-7.1,7.9,58000000000.0,0.19,2016-03-03 01:32:43,2016,3,1,-48.0,51.0
2016-02-23 03:59:13,32.3N,67.2E,44.0,17.9,-8.5,-1.6,-15.7,35000000000.0,0.12,2016-02-23 03:59:13,2016,2,3,32.3,67.2
2016-02-21 05:58:53,36.5N,37.2W,32.0,,,,,369000000000.0,0.96,2016-02-21 05:58:53,2016,2,5,36.5,-37.2
2016-02-19 08:15:02,0.7N,11.6W,39.4,15.5,-14.9,-0.5,4.1,202000000000.0,0.56,2016-02-19 08:15:02,2016,2,8,0.7,-11.6
2016-02-06 13:55:09,30.4S,25.5W,31.0,15.6,2.7,14.5,5.0,6853000000000.0,13.0,2016-02-06 13:55:09,2016,2,13,-30.4,-25.5
2016-01-27 09:59:16,45.8S,53.6E,37.0,11.5,-10.0,-4.4,3.6,50000000000.0,0.16,2016-01-27 09:59:16,2016,1,9,-45.8,53.6
2016-01-21 16:44:54,10.8S,0.7E,42.5,18.1,-3.8,-17.7,-1.2,46000000000.0,0.15,2016-01-21 16:44:54,2016,1,16,-10.8,0.7
2015-12-30 13:07:50,33.8N,160.7W,39.0,,,,,22000000000.0,0.079,2015-12-30 13:07:50,2015,12,13,33.8,-160.7
2015-12-21 02:32:48,5.9N,143.0E,42.2,12.1,6.4,-10.0,2.5,83000000000.0,0.26,2015-12-21 02:32:48,2015,12,2,5.9,143.0
2015-12-08 00:34:23,69.9S,150.5E,38.0,,,,,197000000000.0,0.55,2015-12-08 00:34:23,2015,12,0,-69.9,150.5
2015-11-13 14:59:27,16.0N,124.3E,28.0,,,,,102000000000.0,0.31,2015-11-13 14:59:27,2015,11,14,16.0,124.3
2015-11-02 21:34:20,41.4S,33.0E,37.0,,,,,78000000000.0,0.24,2015-11-02 21:34:20,2015,11,21,-41.4,33.0
2015-10-31 11:34:30,9.0N,138.0W,71.0,,,,,97000000000.0,0.29,2015-10-31 11:34:30,2015,10,11,9.0,-138.0
2015-10-13 12:23:08,8.0S,52.5W,38.9,12.9,-6.6,3.8,10.4,23000000000.0,0.08199999999999999,2015-10-13 12:23:08,2015,10,12,-8.0,-52.5
2015-10-11 00:07:46,55.4S,18.8W,,,,,,30000000000.0,0.1,2015-10-11 00:07:46,2015,10,0,-55.4,-18.8
2015-10-10 09:57:51,51.0S,21.1W,51.8,11.8,-1.3,-5.1,10.6,36000000000.0,0.12,2015-10-10 09:57:51,2015,10,9,-51.0,-21.1
2015-10-04 21:02:17,22.0N,171.6W,36.1,,,,,44000000000.0,0.15,2015-10-04 21:02:17,2015,10,21,22.0,-171.6
2015-09-17 21:03:14,43.1S,94.9E,,,,,,98000000000.0,0.3,2015-09-17 21:03:14,2015,9,21,-43.1,94.9
2015-09-14 23:50:50,5.8N,15.2W,,,,,,70000000000.0,0.22,2015-09-14 23:50:50,2015,9,23,5.8,-15.2
2015-09-08 13:46:42,6.3N,29.9E,44.4,16.1,-11.5,-11.3,-0.9,20000000000.0,0.073,2015-09-08 13:46:42,2015,9,13,6.3,29.9
2015-09-07 01:41:19,14.5N,98.9E,29.3,21.0,16.8,-12.0,-3.8,1798000000000.0,3.9,2015-09-07 01:41:19,2015,9,1,14.5,98.9
2015-09-02 20:10:30,39.1N,40.2E,39.8,24.1,10.3,-12.2,-18.0,37000000000.0,0.13,2015-09-02 20:10:30,2015,9,20,39.1,40.2
2015-07-19 07:06:26,20.6N,87.6W,22.0,17.8,9.4,13.0,7.8,23000000000.0,0.08199999999999999,2015-07-19 07:06:26,2015,7,7,20.6,-87.6
2015-07-12 22:23:14,31.0N,159.6E,41.0,,,,,22000000000.0,0.079,2015-07-12 22:23:14,2015,7,22,31.0,159.6
2015-07-04 01:40:11,38.6N,103.1E,46.3,49.0,0.9,-40.4,-27.7,56000000000.0,0.18,2015-07-04 01:40:11,2015,7,1,38.6,103.1
2015-06-14 03:03:06,6.3N,124.1E,32.4,31.9,-4.7,-17.8,-26.0,71000000000.0,0.22,2015-06-14 03:03:06,2015,6,3,6.3,124.1
2015-06-12 17:03:35,1.3S,32.1W,43.5,,,,,176000000000.0,0.5,2015-06-12 17:03:35,2015,6,17,-1.3,-32.1
2015-06-10 17:43:03,11.5S,161.9W,61.1,,,,,384000000000.0,1.0,2015-06-10 17:43:03,2015,6,17,-11.5,-161.9
2015-06-02 08:44:50,6.4S,142.7W,,,,,,380000000000.0,0.99,2015-06-02 08:44:50,2015,6,8,-6.4,-142.7
2015-05-20 10:20:41,1.0N,172.6E,32.4,,,,,36000000000.0,0.12,2015-05-20 10:20:41,2015,5,10,1.0,172.6
2015-05-18 17:13:51,32.4N,139.1E,29.0,,,,,43000000000.0,0.14,2015-05-18 17:13:51,2015,5,17,32.4,139.1
2015-05-10 07:45:01,46.3S,179.3W,29.6,12.2,11.2,0.9,4.7,143000000000.0,0.42,2015-05-10 07:45:01,2015,5,7,-46.3,-179.3
2015-05-07 20:34:34,21.5S,29.3W,37.0,17.3,-16.2,-5.8,1.4,52000000000.0,0.17,2015-05-07 20:34:34,2015,5,20,-21.5,-29.3
2015-04-30 10:21:01,48.7S,139.1E,26.7,12.9,12.2,-4.2,0.9,105000000000.0,0.32,2015-04-30 10:21:01,2015,4,10,-48.7,139.1
2015-04-21 01:42:51,37.7N,39.6W,37.4,21.3,-15.3,12.8,7.4,88000000000.0,0.27,2015-04-21 01:42:51,2015,4,1,37.7,-39.6
2015-04-10 01:14:27,42.8S,8.2E,,,,,,65000000000.0,0.21,2015-04-10 01:14:27,2015,4,1,-42.8,8.2
2015-04-08 04:06:31,25.5S,51.5E,36.3,19.2,8.0,-15.6,-7.9,173000000000.0,0.49,2015-04-08 04:06:31,2015,4,4,-25.5,51.5
2015-04-03 01:39:38,8.4N,157.9W,,,,,,42000000000.0,0.14,2015-04-03 01:39:38,2015,4,1,8.4,-157.9
2015-03-30 21:33:52,36.1S,5.5W,33.1,13.8,-13.7,-1.7,0.8,64000000000.0,0.2,2015-03-30 21:33:52,2015,3,21,-36.1,-5.5
2015-03-18 00:04:50,5.4S,159.3E,50.0,,,,,121000000000.0,0.36,2015-03-18 00:04:50,2015,3,0,-5.4,159.3
2015-03-11 06:18:59,8.0N,119.1E,35.2,19.9,5.5,-10.5,-16.0,72000000000.0,0.23,2015-03-11 06:18:59,2015,3,6,8.0,119.1
2015-03-08 04:26:28,39.1S,118.6W,,,,,,20000000000.0,0.073,2015-03-08 04:26:28,2015,3,4,-39.1,-118.6
2015-03-04 04:30:05,15.9S,88.1E,39.8,18.0,7.8,-16.0,-2.5,55000000000.0,0.18,2015-03-04 04:30:05,2015,3,4,-15.9,88.1
2015-02-26 22:06:24,68.0N,149.0W,33.7,21.1,5.6,-2.3,-20.2,188000000000.0,0.53,2015-02-26 22:06:24,2015,2,22,68.0,-149.0
2015-02-25 10:53:24,12.4N,122.4W,42.0,,,,,58000000000.0,0.19,2015-02-25 10:53:24,2015,2,10,12.4,-122.4
2015-02-17 13:19:50,8.0S,11.2W,39.0,28.8,-28.2,3.4,4.6,33000000000.0,0.11,2015-02-17 13:19:50,2015,2,13,-8.0,-11.2
2015-01-09 17:31:47,23.3S,49.2W,,,,,,22000000000.0,0.079,2015-01-09 17:31:47,2015,1,17,-23.3,-49.2
2015-01-09 10:41:11,2.0N,28.8E,36.0,17.5,-10.7,-7.6,11.6,139000000000.0,0.41,2015-01-09 10:41:11,2015,1,10,2.0,28.8
2015-01-07 01:05:59,45.7N,26.9E,45.5,35.7,-35.4,1.8,-4.4,136000000000.0,0.4,2015-01-07 01:05:59,2015,1,1,45.7,26.9
2015-01-02 13:39:19,31.1S,140.0E,38.1,18.1,4.5,-14.4,-10.0,20000000000.0,0.073,2015-01-02 13:39:19,2015,1,13,-31.1,140.0
2014-12-13 02:53:52,86.7N,162.1W,30.7,21.7,15.3,-13.3,-7.8,44000000000.0,0.15,2014-12-13 02:53:52,2014,12,2,86.7,-162.1
2014-12-12 06:48:11,33.5N,144.9E,26.3,12.0,11.5,-2.8,-2.2,33000000000.0,0.11,2014-12-12 06:48:11,2014,12,6,33.5,144.9
2014-12-09 21:19:18,76.6N,96.3E,26.3,,,,,78000000000.0,0.24,2014-12-09 21:19:18,2014,12,21,76.6,96.3
2014-11-28 11:47:18,45.8S,172.7W,26.1,13.4,0.4,-1.4,13.3,700000000000.0,1.7,2014-11-28 11:47:18,2014,11,11,-45.8,-172.7
2014-11-27 12:12:52,18.8S,73.4W,38.0,,,,,55000000000.0,0.18,2014-11-27 12:12:52,2014,11,12,-18.8,-73.4
2014-11-26 23:16:51,69.5S,179.7W,23.3,25.3,21.3,2.2,13.4,118000000000.0,0.35,2014-11-26 23:16:51,2014,11,23,-69.5,-179.7
2014-11-26 17:40:16,68.2S,24.0W,37.0,19.9,-7.0,16.1,9.4,105000000000.0,0.32,2014-11-26 17:40:16,2014,11,17,-68.2,-24.0
2014-11-04 20:13:30,43.1N,115.8E,22.2,16.0,-7.2,-12.1,-7.7,156000000000.0,0.45,2014-11-04 20:13:30,2014,11,20,43.1,115.8
2014-10-21 18:55:37,22.2N,132.9W,,,,,,34000000000.0,0.12,2014-10-21 18:55:37,2014,10,18,22.2,-132.9
2014-10-17 14:07:36,4.6S,66.3W,39.0,,,,,72000000000.0,0.23,2014-10-17 14:07:36,2014,10,14,-4.6,-66.3
2014-10-14 10:25:03,2.0S,119.2E,27.2,16.9,15.0,-6.9,-3.5,29000000000.0,0.1,2014-10-14 10:25:03,2014,10,10,-2.0,119.2
2014-10-06 20:02:15,43.7S,85.7E,,,,,,39000000000.0,0.13,2014-10-06 20:02:15,2014,10,20,-43.7,85.7
2014-09-09 18:55:46,3.2N,137.2E,32.5,,,,,28000000000.0,0.098,2014-09-09 18:55:46,2014,9,18,3.2,137.2
2014-09-05 21:37:26,22.7N,150.0W,,,,,,35000000000.0,0.12,2014-09-05 21:37:26,2014,9,21,22.7,-150.0
2014-08-29 23:15:39,6.2S,49.9W,,,,,,26000000000.0,0.092,2014-08-29 23:15:39,2014,8,23,-6.2,-49.9
2014-08-28 03:07:45,3.2N,45.4W,,,,,,34000000000.0,0.12,2014-08-28 03:07:45,2014,8,3,3.2,-45.4
2014-08-23 06:29:41,61.7S,132.6E,22.2,16.2,-2.3,5.7,16.5,3819000000000.0,7.6,2014-08-23 06:29:41,2014,8,6,-61.7,132.6
2014-07-29 07:38:07,49.2S,172.2W,,,,,,73000000000.0,0.23,2014-07-29 07:38:07,2014,7,7,-49.2,-172.2
2014-07-29 03:07:43,33.9S,115.9W,,,,,,53000000000.0,0.17,2014-07-29 03:07:43,2014,7,3,-33.9,-115.9
2014-06-28 02:40:07,18.9N,141.2E,26.3,12.4,12.0,3.5,-10.5,245000000000.0,0.67,2014-06-28 02:40:07,2014,6,2,18.9,141.2
2014-06-26 05:54:41,71.5S,93.4E,28.5,11.2,7.0,2.9,8.3,61000000000.0,0.2,2014-06-26 05:54:41,2014,6,5,-71.5,93.4
2014-05-29 01:12:36,21.9N,131.1W,28.7,,,,,58000000000.0,0.19,2014-05-29 01:12:36,2014,5,1,21.9,-131.1
2014-05-16 20:06:28,39.4S,95.9W,30.8,18.0,2.9,13.4,-12.5,136000000000.0,0.4,2014-05-16 20:06:28,2014,5,20,-39.4,-95.9
2014-05-16 12:42:48,44.2S,176.2W,44.0,16.5,14.4,4.6,6.5,309000000000.0,0.82,2014-05-16 12:42:48,2014,5,12,-44.2,-176.2
2014-05-08 19:42:37,36.9S,87.3E,35.4,19.0,-2.0,-16.1,9.9,1050000000000.0,2.4,2014-05-08 19:42:37,2014,5,19,-36.9,87.3
2014-03-29 13:45:41,28.7S,121.5E,30.7,16.3,10.0,-12.7,2.2,39000000000.0,0.13,2014-03-29 13:45:41,2014,3,13,-28.7,121.5
2014-03-18 11:02:37,0.0N,111.8W,30.5,,,,,540000000000.0,1.3,2014-03-18 11:02:37,2014,3,11,0.0,-111.8
2014-03-03 15:00:21,29.0S,94.9W,,,,,,94000000000.0,0.29,2014-03-03 15:00:21,2014,3,15,-29.0,-94.9
2014-02-18 12:50:44,32.8S,61.5W,,,,,,26000000000.0,0.092,2014-02-18 12:50:44,2014,2,12,-32.8,-61.5
2014-02-13 06:47:42,13.3N,110.7W,25.0,,,,,630000000000.0,1.5,2014-02-13 06:47:42,2014,2,6,13.3,-110.7
2014-01-15 02:46:19,18.5S,141.8E,29.6,,,,,140000000000.0,0.41,2014-01-15 02:46:19,2014,1,2,-18.5,141.8
2014-01-12 16:00:48,2.9N,64.4E,37.0,16.2,-5.2,-15.1,2.6,78000000000.0,0.24,2014-01-12 16:00:48,2014,1,16,2.9,64.4
2014-01-08 17:05:34,1.3S,147.6E,18.7,44.8,-3.4,-43.5,-10.3,31000000000.0,0.11,2014-01-08 17:05:34,2014,1,17,-1.3,147.6
2013-12-23 08:30:57,39.5N,2.0E,34.3,15.1,-1.1,11.4,-9.9,147000000000.0,0.43,2013-12-23 08:30:57,2013,12,8,39.5,2.0
2013-12-08 03:10:09,32.8N,165.1W,23.5,11.8,2.3,2.5,-11.3,64000000000.0,0.2,2013-12-08 03:10:09,2013,12,3,32.8,-165.1
2013-11-21 01:50:35,44.7N,35.3E,59.3,12.4,-5.0,-11.0,-2.7,75000000000.0,0.23,2013-11-21 01:50:35,2013,11,1,44.7,35.3
2013-10-12 16:06:45,19.1S,25.0W,22.2,12.8,-8.0,8.4,-5.5,1610000000000.0,3.5,2013-10-12 16:06:45,2013,10,16,-19.1,-25.0
2013-10-09 17:27:36,,,,,,,,60000000000.0,0.19,2013-10-09 17:27:36,2013,10,17,0.0,0.0
2013-09-24 15:31:16,10.3S,164.7W,40.7,,,,,160000000000.0,0.46,2013-09-24 15:31:16,2013,9,15,-10.3,-164.7
2013-08-12 18:08:02,34.4S,118.2E,66.6,,,,,44000000000.0,0.15,2013-08-12 18:08:02,2013,8,18,-34.4,118.2
2013-07-31 07:00:38,,,,,,,,39000000000.0,0.13,2013-07-31 07:00:38,2013,7,7,0.0,0.0
2013-07-31 03:50:14,31.8S,137.1E,29.1,17.8,17.7,-2.3,-0.1,69000000000.0,0.22,2013-07-31 03:50:14,2013,7,3,-31.8,137.1
2013-07-30 02:36:58,50.2S,90.2E,25.6,18.8,15.9,-8.6,5.1,390000000000.0,1.0,2013-07-30 02:36:58,2013,7,2,-50.2,90.2
2013-07-27 08:30:36,0.3N,156.2E,26.5,22.1,16.0,14.9,-3.3,120000000000.0,0.36,2013-07-27 08:30:36,2013,7,8,0.3,156.2
2013-07-26 11:32:26,21.0N,178.5W,37.0,,,,,20000000000.0,0.073,2013-07-26 11:32:26,2013,7,11,21.0,-178.5
2013-07-18 00:46:37,,,,,,,,22000000000.0,0.079,2013-07-18 00:46:37,2013,7,0,0.0,0.0
2013-06-13 02:51:14,,,,,,,,22000000000.0,0.079,2013-06-13 02:51:14,2013,6,2,0.0,0.0
2013-06-01 22:49:48,65.6S,138.4E,28.9,,,,,34000000000.0,0.12,2013-06-01 22:49:48,2013,6,22,-65.6,138.4
2013-05-14 23:20:21,3.0S,76.4E,,,,,,20000000000.0,0.073,2013-05-14 23:20:21,2013,5,23,-3.0,76.4
2013-04-30 08:40:38,35.5N,30.7W,21.2,12.1,1.0,9.0,-8.0,5110000000000.0,10.0,2013-04-30 08:40:38,2013,4,8,35.5,-30.7
2013-04-21 06:23:12,28.1S,64.6W,40.7,14.9,5.0,14.0,1.0,1066000000000.0,2.5,2013-04-21 06:23:12,2013,4,6,-28.1,-64.6
2013-03-12 10:32:59,32.7S,17.1E,26.0,,,,,29000000000.0,0.1,2013-03-12 10:32:59,2013,3,10,-32.7,17.1
2013-02-20 13:13:07,23.0S,38.8W,,13.6,-11.0,-8.0,-1.0,32000000000.0,0.1,2013-02-20 13:13:07,2013,2,13,-23.0,-38.8
2013-02-15 03:20:33,54.8N,61.1E,23.3,18.6,12.8,-13.3,-2.4,375000000000000.0,440.0,2013-02-15 03:20:33,2013,2,3,54.8,61.1
2013-02-07 13:12:24,18.8S,158.6W,,,,,,65000000000.0,0.21,2013-02-07 13:12:24,2013,2,13,-18.8,-158.6
2013-01-25 07:40:18,60.3N,64.6W,,,,,,3400000000000.0,6.9,2013-01-25 07:40:18,2013,1,7,60.3,-64.6
2013-01-12 03:04:21,15.1S,155.6W,36.1,,,,,48000000000.0,0.16,2013-01-12 03:04:21,2013,1,3,-15.1,-155.6
2012-12-30 07:25:35,17.3N,83.6W,,,,,,198000000000.0,0.55,2012-12-30 07:25:35,2012,12,7,17.3,-83.6
2012-12-18 11:19:17,,,,,,,,27000000000.0,0.095,2012-12-18 11:19:17,2012,12,11,0.0,0.0
2012-11-20 20:37:31,2.5N,29.6E,33.3,14.3,-12.2,-5.3,5.3,25000000000.0,0.08900000000000001,2012-11-20 20:37:31,2012,11,20,2.5,29.6
2012-11-20 06:25:11,8.0S,86.0W,,,,,,120000000000.0,0.36,2012-11-20 06:25:11,2012,11,6,-8.0,-86.0
2012-10-25 15:57:19,,,,,,,,30000000000.0,0.1,2012-10-25 15:57:19,2012,10,15,0.0,0.0
2012-10-19 16:26:22,75.4S,49.6E,29.3,13.2,-2.3,-3.9,12.4,23000000000.0,0.08199999999999999,2012-10-19 16:26:22,2012,10,16,-75.4,49.6
2012-10-09 00:54:55,51.2N,84.6W,27.8,13.5,3.4,12.0,5.1,210000000000.0,0.58,2012-10-09 00:54:55,2012,10,0,51.2,-84.6
2012-10-03 22:50:12,41.5S,21.9W,,17.0,-2.4,5.5,15.9,280000000000.0,0.75,2012-10-03 22:50:12,2012,10,22,-41.5,-21.9
2012-10-02 16:38:38,8.1S,111.9W,35.0,15.4,1.4,15.3,1.0,470000000000.0,1.2,2012-10-02 16:38:38,2012,10,16,-8.1,-111.9
2012-09-28 05:44:12,6.9S,73.7E,,,,,,38000000000.0,0.13,2012-09-28 05:44:12,2012,9,5,-6.9,73.7
2012-09-18 19:34:39,1.2N,52.2W,28.1,18.3,-1.9,14.1,-11.5,244000000000.0,0.67,2012-09-18 19:34:39,2012,9,19,1.2,-52.2
2012-09-11 22:07:30,18.9S,105.2E,,,,,,52000000000.0,0.17,2012-09-11 22:07:30,2012,9,22,-18.9,105.2
2012-09-10 01:03:32,69.8S,111.7W,23.8,16.9,-10.2,-5.2,12.4,23000000000.0,0.08199999999999999,2012-09-10 01:03:32,2012,9,1,-69.8,-111.7
2012-08-27 06:57:43,18.3S,64.2E,38.7,28.9,-8.0,-23.7,-14.5,68000000000.0,0.22,2012-08-27 06:57:43,2012,8,6,-18.3,64.2
2012-08-26 14:55:47,11.8N,117.0E,36.0,12.7,5.0,-11.6,-0.7,249000000000.0,0.68,2012-08-26 14:55:47,2012,8,14,11.8,117.0
2012-08-13 05:31:53,,,,,,,,33000000000.0,0.11,2012-08-13 05:31:53,2012,8,5,0.0,0.0
2012-07-27 04:19:50,63.1N,172.3E,27.2,,,,,34000000000.0,0.12,2012-07-27 04:19:50,2012,7,4,63.1,172.3
2012-07-25 07:48:20,36.4N,41.5E,26.8,18.5,0.8,2.0,-18.4,133000000000.0,0.39,2012-07-25 07:48:20,2012,7,7,36.4,41.5
2012-06-05 07:44:54,,,,,,,,24000000000.0,0.086,2012-06-05 07:44:54,2012,6,7,0.0,0.0
2012-05-25 11:31:24,41.8S,36.2W,,,,,,60000000000.0,0.19,2012-05-25 11:31:24,2012,5,11,-41.8,-36.2
2012-05-22 08:31:42,,,,,,,,211000000000.0,0.59,2012-05-22 08:31:42,2012,5,8,0.0,0.0
2012-05-15 11:04:17,61.8S,135.5W,33.3,17.1,-0.8,1.1,17.0,132000000000.0,0.39,2012-05-15 11:04:17,2012,5,11,-61.8,-135.5
2012-05-04 21:54:49,76.7N,10.6W,,,,,,229000000000.0,0.63,2012-05-04 21:54:49,2012,5,21,76.7,-10.6
2012-04-23 22:01:10,36.2N,107.4E,25.2,,,,,44000000000.0,0.15,2012-04-23 22:01:10,2012,4,22,36.2,107.4
2012-04-21 16:08:23,15.8S,174.8W,,,,,,143000000000.0,0.42,2012-04-21 16:08:23,2012,4,16,-15.8,-174.8
2012-04-19 22:12:10,5.5N,16.8E,,,,,,30000000000.0,0.1,2012-04-19 22:12:10,2012,4,22,5.5,16.8
2012-04-02 16:50:33,28.1N,95.2W,,,,,,32000000000.0,0.11,2012-04-02 16:50:33,2012,4,16,28.1,-95.2
2012-03-12 06:40:44,2.5N,139.8E,25.0,11.8,0.1,-11.8,0.3,99000000000.0,0.3,2012-03-12 06:40:44,2012,3,6,2.5,139.8
2012-03-03 21:28:24,7.8N,2.7E,20.4,,,,,101000000000.0,0.31,2012-03-03 21:28:24,2012,3,21,7.8,2.7
2012-03-01 03:12:40,46.9N,29.8W,,,,,,22000000000.0,0.079,2012-03-01 03:12:40,2012,3,3,46.9,-29.8
2012-02-24 19:11:41,22.7S,30.8E,,,,,,37000000000.0,0.13,2012-02-24 19:11:41,2012,2,19,-22.7,30.8
2012-02-17 10:47:16,3.2S,39.9W,45.6,,,,,154000000000.0,0.44,2012-02-17 10:47:16,2012,2,10,-3.2,-39.9
2012-02-12 05:25:52,31.7S,54.9E,61.0,,,,,140000000000.0,0.41,2012-02-12 05:25:52,2012,2,5,-31.7,54.9
2012-02-04 14:42:51,32.4N,0.1E,34.2,12.2,-3.9,10.9,4.0,150000000000.0,0.43,2012-02-04 14:42:51,2012,2,14,32.4,0.1
2012-01-15 12:26:20,64.1S,109.9E,26.3,12.3,-1.9,5.1,11.0,21000000000.0,0.076,2012-01-15 12:26:20,2012,1,12,-64.1,109.9
2012-01-11 02:23:15,32.2N,88.5E,,,,,,85000000000.0,0.26,2012-01-11 02:23:15,2012,1,2,32.2,88.5
2011-12-19 11:35:39,30.2S,52.6E,36.1,,,,,135000000000.0,0.4,2011-12-19 11:35:39,2011,12,11,-30.2,52.6
2011-12-14 05:01:38,62.9S,89.6E,32.4,,,,,50000000000.0,0.16,2011-12-14 05:01:38,2011,12,5,-62.9,89.6
2011-12-11 17:29:33,,,,,,,,29000000000.0,0.1,2011-12-11 17:29:33,2011,12,17,0.0,0.0
2011-11-20 05:25:05,27.9S,116.3E,,,,,,23000000000.0,0.08199999999999999,2011-11-20 05:25:05,2011,11,5,-27.9,116.3
2011-10-12 07:13:20,26.4S,78.4W,,,,,,36000000000.0,0.12,2011-10-12 07:13:20,2011,10,7,-26.4,-78.4
2011-09-13 23:36:47,19.9S,13.8W,21.3,16.7,-3.7,1.8,16.2,67000000000.0,0.21,2011-09-13 23:36:47,2011,9,23,-19.9,-13.8
2011-08-31 09:44:13,18.6N,5.1W,,,,,,27000000000.0,0.095,2011-08-31 09:44:13,2011,8,9,18.6,-5.1
2011-08-20 20:01:37,27.2S,2.8W,,,,,,23000000000.0,0.08199999999999999,2011-08-20 20:01:37,2011,8,20,-27.2,-2.8
2011-08-18 14:55:45,,,,,,,,23000000000.0,0.08199999999999999,2011-08-18 14:55:45,2011,8,14,0.0,0.0
2011-08-11 02:56:08,,,,,,,,35000000000.0,0.12,2011-08-11 02:56:08,2011,8,2,0.0,0.0
2011-08-04 07:25:57,40.7S,86.7W,63.0,,,,,28000000000.0,0.098,2011-08-04 07:25:57,2011,8,7,-40.7,-86.7
2011-07-27 23:00:36,45.3S,63.5E,29.6,,,,,44000000000.0,0.15,2011-07-27 23:00:36,2011,7,23,-45.3,63.5
2011-07-07 23:25:54,,,,,,,,33000000000.0,0.11,2011-07-07 23:25:54,2011,7,23,0.0,0.0
2011-07-05 15:42:41,29.1N,139.7E,40.7,,,,,65000000000.0,0.21,2011-07-05 15:42:41,2011,7,15,29.1,139.7
2011-07-04 09:18:04,51.7S,175.0E,,,,,,29000000000.0,0.1,2011-07-04 09:18:04,2011,7,9,-51.7,175.0
2011-06-16 11:51:50,67.3N,21.4W,40.5,,,,,24000000000.0,0.086,2011-06-16 11:51:50,2011,6,11,67.3,-21.4
2011-05-25 05:40:02,4.1N,14.0E,59.0,11.6,-3.4,-10.8,2.4,2280000000000.0,4.8,2011-05-25 05:40:02,2011,5,5,4.1,14.0
2011-05-16 13:39:06,1.2S,92.8E,,,,,,20000000000.0,0.073,2011-05-16 13:39:06,2011,5,13,-1.2,92.8
2011-04-27 20:38:09,1.4N,126.6W,28.7,,,,,220000000000.0,0.61,2011-04-27 20:38:09,2011,4,20,1.4,-126.6
2011-04-27 11:21:44,,,,,,,,24000000000.0,0.086,2011-04-27 11:21:44,2011,4,11,0.0,0.0
2011-04-17 11:21:44,,,,,,,,24000000000.0,0.086,2011-04-17 11:21:44,2011,4,11,0.0,0.0
2011-04-06 08:30:55,71.1N,43.5W,22.2,12.7,3.3,11.8,-3.5,148000000000.0,0.43,2011-04-06 08:30:55,2011,4,8,71.1,-43.5
2011-03-24 20:23:58,0.6N,127.5W,59.0,,,,,58000000000.0,0.19,2011-03-24 20:23:58,2011,3,20,0.6,-127.5
2011-03-23 04:24:46,,,,,,,,31000000000.0,0.11,2011-03-23 04:24:46,2011,3,4,0.0,0.0
2011-03-23 04:16:32,16.8S,85.6W,,,,,,22000000000.0,0.079,2011-03-23 04:16:32,2011,3,4,-16.8,-85.6
2011-03-01 10:37:54,53.5N,103.9E,30.6,11.9,-6.7,-1.1,-9.8,37000000000.0,0.13,2011-03-01 10:37:54,2011,3,10,53.5,103.9
2011-02-21 05:07:03,26.3N,43.7E,44.4,18.0,10.3,-14.8,0.1,39000000000.0,0.13,2011-02-21 05:07:03,2011,2,5,26.3,43.7
2011-02-12 11:00:12,7.8N,95.3W,,,,,,20000000000.0,0.073,2011-02-12 11:00:12,2011,2,11,7.8,-95.3
2011-01-21 15:11:43,18.9N,44.6W,61.0,,,,,72000000000.0,0.23,2011-01-21 15:11:43,2011,1,15,18.9,-44.6
2011-01-08 19:38:44,33.3N,125.8W,48.0,,,,,29000000000.0,0.1,2011-01-08 19:38:44,2011,1,19,33.3,-125.8
2010-12-25 23:24:00,38.0N,158.0E,26.0,18.1,18.0,-2.0,-4.0,20000000000000.0,33.0,2010-12-25 23:24:00,2010,12,23,38.0,158.0
2010-12-14 00:27:53,4.9S,175.5E,24.0,,,,,39000000000.0,0.13,2010-12-14 00:27:53,2010,12,0,-4.9,175.5
2010-12-09 02:54:07,54.5S,169.7W,66.0,,,,,63000000000.0,0.2,2010-12-09 02:54:07,2010,12,2,-54.5,-169.7
2010-12-01 06:31:46,72.5S,144.9E,33.3,,,,,133000000000.0,0.39,2010-12-01 06:31:46,2010,12,6,-72.5,144.9
2010-11-21 14:45:27,1.9N,143.3E,50.0,,,,,81000000000.0,0.25,2010-11-21 14:45:27,2010,11,14,1.9,143.3
2010-11-19 07:25:56,10.3S,148.8E,30.0,,,,,33000000000.0,0.11,2010-11-19 07:25:56,2010,11,7,-10.3,148.8
2010-11-10 08:26:35,74.5N,77.7W,,,,,,68000000000.0,0.22,2010-11-10 08:26:35,2010,11,8,74.5,-77.7
2010-11-09 13:05:46,56.3S,16.7W,37.0,,,,,86000000000.0,0.27,2010-11-09 13:05:46,2010,11,13,-56.3,-16.7
2010-11-09 06:56:52,14.0S,160.0W,26.0,,,,,20000000000.0,0.073,2010-11-09 06:56:52,2010,11,6,-14.0,-160.0
2010-10-27 11:27:39,14.1S,67.7E,35.2,,,,,145000000000.0,0.42,2010-10-27 11:27:39,2010,10,11,-14.1,67.7
2010-10-08 09:58:01,,,,,,,,20000000000.0,0.073,2010-10-08 09:58:01,2010,10,9,0.0,0.0
2010-09-24 12:02:07,67.4S,50.6W,,,,,,50000000000.0,0.16,2010-09-24 12:02:07,2010,9,12,-67.4,-50.6
2010-09-18 05:04:41,7.4N,36.7E,,,,,,67000000000.0,0.21,2010-09-18 05:04:41,2010,9,5,7.4,36.7
2010-09-08 19:51:36,13.9S,65.5W,46.3,,,,,65000000000.0,0.21,2010-09-08 19:51:36,2010,9,19,-13.9,-65.5
2010-09-05 23:37:33,25.9S,49.0E,35.2,,,,,683000000000.0,1.7,2010-09-05 23:37:33,2010,9,23,-25.9,49.0
2010-09-03 12:04:58,61.0S,146.7E,33.3,12.3,9.8,-3.5,6.5,1750000000000.0,3.8,2010-09-03 12:04:58,2010,9,12,-61.0,146.7
2010-08-17 04:19:37,20.7N,114.3W,33.3,,,,,21000000000.0,0.076,2010-08-17 04:19:37,2010,8,4,20.7,-114.3
2010-07-15 01:49:56,60.9N,178.1W,,,,,,24000000000.0,0.086,2010-07-15 01:49:56,2010,7,1,60.9,-178.1
2010-07-06 23:54:43,34.1S,174.5W,26.0,15.7,12.1,10.0,0.2,7560000000000.0,14.0,2010-07-06 23:54:43,2010,7,23,-34.1,-174.5
2010-06-26 06:04:38,0.5S,133.2E,50.0,,,,,113000000000.0,0.34,2010-06-26 06:04:38,2010,6,6,-0.5,133.2
2010-06-21 06:42:00,22.5S,120.9W,,,,,,163000000000.0,0.47,2010-06-21 06:42:00,2010,6,6,-22.5,-120.9
2010-06-17 04:24:45,26.1S,100.0E,42.0,,,,,119000000000.0,0.35,2010-06-17 04:24:45,2010,6,4,-26.1,100.0
2010-04-17 02:21:58,13.1N,173.0W,,,,,,56000000000.0,0.18,2010-04-17 02:21:58,2010,4,2,13.1,-173.0
2010-04-16 04:38:52,1.8N,176.9W,22.2,18.8,12.4,-13.2,-5.2,844000000000.0,2.0,2010-04-16 04:38:52,2010,4,4,1.8,-176.9
2010-04-06 18:33:12,52.8N,146.5W,,,,,,80000000000.0,0.25,2010-04-06 18:33:12,2010,4,18,52.8,-146.5
2010-03-18 16:11:16,32.4S,51.8W,,,,,,175000000000.0,0.5,2010-03-18 16:11:16,2010,3,16,-32.4,-51.8
2010-03-15 15:55:43,,,,,,,,80000000000.0,0.25,2010-03-15 15:55:43,2010,3,15,0.0,0.0
2010-03-14 18:44:42,33.8N,90.2W,35.6,,,,,42000000000.0,0.14,2010-03-14 18:44:42,2010,3,18,33.8,-90.2
2010-03-08 22:44:41,18.2N,110.1E,53.0,,,,,30000000000.0,0.1,2010-03-08 22:44:41,2010,3,22,18.2,110.1
2010-03-08 22:02:07,32.0N,92.9W,52.0,24.5,19.1,11.0,10.7,323000000000.0,0.85,2010-03-08 22:02:07,2010,3,22,32.0,-92.9
2010-02-28 22:24:50,48.7N,21.0E,37.0,15.1,-11.7,2.7,-9.1,153000000000.0,0.44,2010-02-28 22:24:50,2010,2,22,48.7,21.0
2010-02-26 22:46:13,37.3S,166.0W,,,,,,237000000000.0,0.65,2010-02-26 22:46:13,2010,2,22,-37.3,-166.0
2010-02-24 19:55:58,2.6S,102.2W,,,,,,93000000000.0,0.28,2010-02-24 19:55:58,2010,2,19,-2.6,-102.2
2010-01-15 19:17:54,8.3S,27.0E,25.0,14.0,-9.1,6.0,8.8,492000000000.0,1.2,2010-01-15 19:17:54,2010,1,19,-8.3,27.0
2009-12-31 16:24:23,,,,,,,,83000000000.0,0.26,2009-12-31 16:24:23,2009,12,16,0.0,0.0
2009-12-31 12:50:25,37.9N,178.3W,20.7,,,,,102000000000.0,0.31,2009-12-31 12:50:25,2009,12,12,37.9,-178.3
2009-11-25 01:36:20,52.8S,136.5E,,,,,,64000000000.0,0.2,2009-11-25 01:36:20,2009,11,1,-52.8,136.5
2009-11-21 20:53:00,22.0S,29.2E,38.0,32.1,3.0,-17.0,27.0,10000000000000.0,18.0,2009-11-21 20:53:00,2009,11,20,-22.0,29.2
2009-11-18 17:36:07,,,,,,,,85000000000.0,0.26,2009-11-18 17:36:07,2009,11,17,0.0,0.0
2009-11-18 07:07:19,40.4N,113.2W,31.5,,,,,736000000000.0,1.8,2009-11-18 07:07:19,2009,11,7,40.4,-113.2
2009-11-14 19:58:55,,,,,,,,23000000000.0,0.08199999999999999,2009-11-14 19:58:55,2009,11,19,0.0,0.0
2009-11-07 11:31:59,45.5N,157.7W,,,,,,22000000000.0,0.079,2009-11-07 11:31:59,2009,11,11,45.5,-157.7
2009-11-07 10:41:38,24.0N,64.1E,37.0,,,,,42000000000.0,0.14,2009-11-07 10:41:38,2009,11,10,24.0,64.1
2009-10-11 12:49:51,78.3S,70.2E,27.8,,,,,71000000000.0,0.22,2009-10-11 12:49:51,2009,10,12,-78.3,70.2
2009-10-08 02:57:00,4.2S,120.6E,19.1,19.2,14.0,-16.0,-6.0,20000000000000.0,33.0,2009-10-08 02:57:00,2009,10,2,-4.2,120.6
2009-09-27 22:22:48,36.0S,67.6W,37.0,,,,,89000000000.0,0.27,2009-09-27 22:22:48,2009,9,22,-36.0,-67.6
2009-09-18 20:13:56,7.7N,29.5W,,,,,,144000000000.0,0.42,2009-09-18 20:13:56,2009,9,20,7.7,-29.5
2009-09-04 02:23:18,42.5N,110.0E,28.3,24.0,19.2,-11.6,-8.5,965000000000.0,2.3,2009-09-04 02:23:18,2009,9,2,42.5,110.0
2009-08-23 21:17:19,67.7S,18.3E,34.0,12.2,-6.9,5.3,8.5,280000000000.0,0.75,2009-08-23 21:17:19,2009,8,21,-67.7,18.3
2009-07-31 02:13:19,8.9N,121.9W,,,,,,25000000000.0,0.08900000000000001,2009-07-31 02:13:19,2009,7,2,8.9,-121.9
2009-07-16 06:39:05,24.4S,59.8W,32.2,,,,,727000000000.0,1.8,2009-07-16 06:39:05,2009,7,6,-24.4,-59.8
2009-07-03 04:02:00,,,,,,,,27000000000.0,0.095,2009-07-03 04:02:00,2009,7,4,0.0,0.0
2009-06-27 13:08:05,26.6S,12.6W,26.1,15.2,-11.6,1.6,9.7,32000000000.0,0.11,2009-06-27 13:08:05,2009,6,13,-26.6,-12.6
2009-06-20 11:04:41,,,,,,,,27000000000.0,0.095,2009-06-20 11:04:41,2009,6,11,0.0,0.0
2009-06-18 04:39:00,23.7S,16.0W,57.4,,,,,33000000000.0,0.11,2009-06-18 04:39:00,2009,6,4,-23.7,-16.0
2009-06-09 22:42:28,54.9N,152.7W,34.2,,,,,281000000000.0,0.76,2009-06-09 22:42:28,2009,6,22,54.9,-152.7
2009-05-31 06:05:47,19.7N,121.0W,,,,,,143000000000.0,0.42,2009-05-31 06:05:47,2009,5,6,19.7,-121.0
2009-05-13 20:20:16,,,,,,,,73000000000.0,0.23,2009-05-13 20:20:16,2009,5,20,0.0,0.0
2009-05-04 11:39:03,36.4N,160.4W,40.7,,,,,140000000000.0,0.41,2009-05-04 11:39:03,2009,5,11,36.4,-160.4
2009-04-20 04:01:39,6.0N,84.3E,,,,,,22000000000.0,0.079,2009-04-20 04:01:39,2009,4,4,6.0,84.3
2009-04-10 18:42:45,44.7S,25.7E,32.4,19.1,-18.9,2.6,0.3,270000000000.0,0.73,2009-04-10 18:42:45,2009,4,18,-44.7,25.7
2009-03-04 00:38:05,,,,,,,,170000000000.0,0.48,2009-03-04 00:38:05,2009,3,0,0.0,0.0
2009-02-20 12:15:57,64.9S,70.0W,,,,,,50000000000.0,0.16,2009-02-20 12:15:57,2009,2,12,-64.9,-70.0
2009-02-07 19:51:32,56.6N,69.8E,40.0,15.4,-2.4,-1.9,-15.1,1600000000000.0,3.5,2009-02-07 19:51:32,2009,2,19,56.6,69.8
2009-01-12 22:24:56,47.8N,44.3W,,,,,,48000000000.0,0.16,2009-01-12 22:24:56,2009,1,22,47.8,-44.3
2009-01-10 07:42:39,64.0S,122.8E,26.5,,,,,23000000000.0,0.08199999999999999,2009-01-10 07:42:39,2009,1,7,-64.0,122.8
2008-12-24 15:51:58,68.9S,102.0W,21.1,24.1,-13.4,18.0,8.8,35000000000.0,0.12,2008-12-24 15:51:58,2008,12,15,-68.9,-102.0
2008-12-12 11:36:36,7.0S,9.7W,50.0,,,,,216000000000.0,0.6,2008-12-12 11:36:36,2008,12,11,-7.0,-9.7
2008-12-09 06:08:16,,,,,,,,34000000000.0,0.12,2008-12-09 06:08:16,2008,12,6,0.0,0.0
2008-11-24 22:01:19,57.9S,146.1E,34.8,23.7,21.5,10.0,0.4,146000000000.0,0.42,2008-11-24 22:01:19,2008,11,22,-57.9,146.1
2008-11-21 00:26:44,53.1N,109.9W,28.2,12.9,3.9,-4.1,-11.6,142000000000.0,0.41,2008-11-21 00:26:44,2008,11,0,53.1,-109.9
2008-11-18 09:41:51,29.4S,75.9E,35.2,22.4,-4.0,-15.2,-16.0,25000000000.0,0.08900000000000001,2008-11-18 09:41:51,2008,11,9,-29.4,75.9
2008-11-09 02:38:34,14.5N,112.7E,29.6,,,,,222000000000.0,0.61,2008-11-09 02:38:34,2008,11,2,14.5,112.7
2008-10-21 02:20:25,32.8N,165.6W,29.6,11.3,9.6,5.8,1.5,46000000000.0,0.15,2008-10-21 02:20:25,2008,10,2,32.8,-165.6
2008-10-10 09:34:18,57.3S,17.0E,21.4,,,,,180000000000.0,0.51,2008-10-10 09:34:18,2008,10,9,-57.3,17.0
2008-10-07 02:45:45,20.9N,31.4E,38.9,13.3,-9.0,9.0,3.8,395000000000.0,1.0,2008-10-07 02:45:45,2008,10,2,20.9,31.4
2008-09-09 09:49:41,,,,,,,,59000000000.0,0.19,2008-09-09 09:49:41,2008,9,9,0.0,0.0
2008-08-16 14:40:24,11.3N,97.2E,,,,,,131000000000.0,0.38,2008-08-16 14:40:24,2008,8,14,11.3,97.2
2008-08-12 11:44:10,11.6S,175.0W,,,,,,20000000000.0,0.073,2008-08-12 11:44:10,2008,8,11,-11.6,-175.0
2008-08-07 06:07:10,18.5N,180.0E,45.4,13.8,6.5,-12.1,1.7,41000000000.0,0.14,2008-08-07 06:07:10,2008,8,6,18.5,180.0
2008-07-23 14:45:25,38.6N,68.0E,31.5,14.5,-7.7,-8.2,-9.1,121000000000.0,0.36,2008-07-23 14:45:25,2008,7,14,38.6,68.0
2008-07-22 19:34:00,17.8S,89.2W,54.4,,,,,61000000000.0,0.2,2008-07-22 19:34:00,2008,7,19,-17.8,-89.2
2008-07-11 14:35:28,,,,,,,,52000000000.0,0.17,2008-07-11 14:35:28,2008,7,14,0.0,0.0
2008-07-08 15:55:30,72.8N,147.3E,52.2,21.7,-12.9,1.9,-17.4,66000000000.0,0.21,2008-07-08 15:55:30,2008,7,15,72.8,147.3
2008-07-01 17:40:19,37.1N,115.7W,36.1,9.8,2.8,1.7,-9.2,36000000000.0,0.12,2008-07-01 17:40:19,2008,7,17,37.1,-115.7
2008-06-27 02:01:23,26.9S,17.7W,33.7,23.1,-17.9,13.0,6.6,172000000000.0,0.49,2008-06-27 02:01:23,2008,6,2,-26.9,-17.7
2008-06-18 13:45:36,6.1N,103.1E,,,,,,21000000000.0,0.076,2008-06-18 13:45:36,2008,6,13,6.1,103.1
2008-05-29 21:23:56,15.7N,83.5W,,,,,,21000000000.0,0.076,2008-05-29 21:23:56,2008,5,21,15.7,-83.5
2008-05-24 10:18:10,0.8N,162.0E,37.0,14.2,7.9,3.1,11.4,150000000000.0,0.43,2008-05-24 10:18:10,2008,5,10,0.8,162.0
2008-05-22 20:50:28,46.9N,134.5E,,,,,,21000000000.0,0.076,2008-05-22 20:50:28,2008,5,20,46.9,134.5
2008-05-06 01:08:56,,,,,,,,57000000000.0,0.18,2008-05-06 01:08:56,2008,5,1,0.0,0.0
2008-04-30 01:18:38,33.6S,35.1W,,,,,,20000000000.0,0.073,2008-04-30 01:18:38,2008,4,1,-33.6,-35.1
2008-04-06 16:03:34,,,,,,,,77000000000.0,0.24,2008-04-06 16:03:34,2008,4,16,0.0,0.0
2008-03-15 11:29:55,28.0N,41.5W,26.7,12.9,-4.1,4.8,-11.2,50000000000.0,0.16,2008-03-15 11:29:55,2008,3,11,28.0,-41.5
2008-02-24 19:33:14,,,,,,,,74000000000.0,0.23,2008-02-24 19:33:14,2008,2,19,0.0,0.0
2008-02-19 13:30:30,48.9N,119.8W,,,,,,20000000000.0,0.073,2008-02-19 13:30:30,2008,2,13,48.9,-119.8
2008-02-18 08:51:12,,,,,,,,50000000000.0,0.16,2008-02-18 08:51:12,2008,2,8,0.0,0.0
2008-02-17 12:19:16,74.9N,73.4W,40.4,13.9,-5.8,-10.7,-6.7,110000000000.0,0.33,2008-02-17 12:19:16,2008,2,12,74.9,-73.4
2008-02-16 08:38:39,,,,,,,,71000000000.0,0.22,2008-02-16 08:38:39,2008,2,8,0.0,0.0
2008-01-18 01:17:39,,,,,,,,44000000000.0,0.15,2008-01-18 01:17:39,2008,1,1,0.0,0.0
2008-01-09 03:53:15,66.8S,67.3W,31.5,11.6,4.3,5.7,9.1,41000000000.0,0.14,2008-01-09 03:53:15,2008,1,3,-66.8,-67.3
2007-12-26 06:46:20,61.6S,158.9W,,,,,,136000000000.0,0.4,2007-12-26 06:46:20,2007,12,6,-61.6,-158.9
2007-12-20 17:00:48,51.3N,115.4E,,,,,,122000000000.0,0.36,2007-12-20 17:00:48,2007,12,17,51.3,115.4
2007-10-25 19:35:38,40.9S,91.3E,46.3,,,,,58000000000.0,0.19,2007-10-25 19:35:38,2007,10,19,-40.9,91.3
2007-10-12 09:14:03,88.5N,116.6E,37.0,18.4,-4.5,-14.1,-10.9,33000000000.0,0.11,2007-10-12 09:14:03,2007,10,9,88.5,116.6
2007-10-07 13:31:01,35.2S,125.6E,,,,,,58000000000.0,0.19,2007-10-07 13:31:01,2007,10,13,-35.2,125.6
2007-09-22 17:57:12,49.2S,85.5W,30.2,16.9,-9.2,13.6,3.8,237000000000.0,0.65,2007-09-22 17:57:12,2007,9,17,-49.2,-85.5
2007-06-11 09:47:05,23.4S,170.9W,35.2,17.0,16.7,-2.1,-2.2,49000000000.0,0.16,2007-06-11 09:47:05,2007,6,9,-23.4,-170.9
2007-06-08 13:32:00,52.0S,175.3E,38.9,,,,,235000000000.0,0.65,2007-06-08 13:32:00,2007,6,13,-52.0,175.3
2007-06-07 21:28:12,21.9N,53.1E,29.6,,,,,31000000000.0,0.11,2007-06-07 21:28:12,2007,6,21,21.9,53.1
2007-05-16 16:20:58,4.5S,111.7E,,,,,,38000000000.0,0.13,2007-05-16 16:20:58,2007,5,16,-4.5,111.7
2007-05-16 04:45:52,42.4S,164.0E,31.5,,,,,400000000000.0,1.0,2007-05-16 04:45:52,2007,5,4,-42.4,164.0
2007-05-04 17:52:39,22.9N,109.4E,48.0,,,,,175000000000.0,0.5,2007-05-04 17:52:39,2007,5,17,22.9,109.4
2007-04-18 12:44:23,83.7S,171.2W,38.0,24.4,-5.3,-2.5,23.7,112000000000.0,0.33,2007-04-18 12:44:23,2007,4,12,-83.7,-171.2
2007-04-16 14:56:51,,,,,,,,24000000000.0,0.086,2007-04-16 14:56:51,2007,4,14,0.0,0.0
2007-03-17 06:48:35,7.1N,4.1E,32.5,14.5,-7.3,-1.9,-12.4,40000000000.0,0.13,2007-03-17 06:48:35,2007,3,6,7.1,4.1
2007-03-15 02:20:15,44.1S,148.4W,,,,,,25000000000.0,0.08900000000000001,2007-03-15 02:20:15,2007,3,2,-44.1,-148.4
2007-03-07 15:16:49,,,,,,,,27000000000.0,0.095,2007-03-07 15:16:49,2007,3,15,0.0,0.0
2007-02-02 12:48:41,24.0N,37.2W,35.5,,,,,340000000000.0,0.89,2007-02-02 12:48:41,2007,2,12,24.0,-37.2
2007-01-26 22:22:21,3.7N,99.7E,,,,,,147000000000.0,0.43,2007-01-26 22:22:21,2007,1,22,3.7,99.7
2007-01-22 07:24:56,45.4N,53.5E,32.0,13.4,-3.3,-12.8,-1.9,76000000000.0,0.24,2007-01-22 07:24:56,2007,1,7,45.4,53.5
2007-01-18 13:51:10,5.3N,164.3W,34.1,,,,,32000000000.0,0.11,2007-01-18 13:51:10,2007,1,13,5.3,-164.3
2007-01-17 09:50:46,8.7S,50.8E,33.3,,,,,548000000000.0,1.4,2007-01-17 09:50:46,2007,1,9,-8.7,50.8
2007-01-01 11:43:29,44.4N,116.5E,53.0,,,,,36000000000.0,0.12,2007-01-01 11:43:29,2007,1,11,44.4,116.5
2006-12-09 06:31:12,26.2N,26.0E,26.5,15.9,4.9,-15.0,1.6,7410000000000.0,14.0,2006-12-09 06:31:12,2006,12,6,26.2,26.0
2006-12-07 11:42:00,14.0N,140.0W,,,,,,21000000000.0,0.076,2006-12-07 11:42:00,2006,12,11,14.0,-140.0
2006-12-01 06:09:25,13.0S,30.7E,,,,,,63000000000.0,0.2,2006-12-01 06:09:25,2006,12,6,-13.0,30.7
2006-11-13 15:16:34,44.0S,43.3E,,,,,,23000000000.0,0.08199999999999999,2006-11-13 15:16:34,2006,11,15,-44.0,43.3
2006-10-24 08:42:52,1.9S,2.7W,43.0,,,,,225000000000.0,0.62,2006-10-24 08:42:52,2006,10,8,-1.9,-2.7
2006-10-14 18:10:49,49.4N,175.0W,44.4,23.9,4.9,23.4,-1.0,258000000000.0,0.7,2006-10-14 18:10:49,2006,10,18,49.4,-175.0
2006-10-09 04:45:30,47.0S,78.9E,22.2,,,,,41000000000.0,0.14,2006-10-09 04:45:30,2006,10,4,-47.0,78.9
2006-10-07 12:18:53,23.0S,61.8W,40.7,,,,,41000000000.0,0.14,2006-10-07 12:18:53,2006,10,12,-23.0,-61.8
2006-10-02 19:10:27,14.0N,53.1E,42.0,,,,,90000000000.0,0.28,2006-10-02 19:10:27,2006,10,19,14.0,53.1
2006-09-27 08:33:43,32.0S,60.2E,48.1,,,,,107000000000.0,0.32,2006-09-27 08:33:43,2006,9,8,-32.0,60.2
2006-09-23 18:52:58,29.0S,108.0W,,,,,,121000000000.0,0.36,2006-09-23 18:52:58,2006,9,18,-29.0,-108.0
2006-09-02 17:57:58,,,,,,,,22000000000.0,0.079,2006-09-02 17:57:58,2006,9,17,0.0,0.0
2006-09-02 04:26:15,14.0S,109.1E,44.1,14.2,10.0,-9.9,1.5,1230000000000.0,2.8,2006-09-02 04:26:15,2006,9,4,-14.0,109.1
2006-08-29 01:38:36,44.0S,162.0W,40.7,,,,,92000000000.0,0.28,2006-08-29 01:38:36,2006,8,1,-44.0,-162.0
2006-08-18 00:03:18,43.0S,33.4E,47.2,,,,,32000000000.0,0.11,2006-08-18 00:03:18,2006,8,0,-43.0,33.4
2006-08-17 10:43:34,11.0S,165.7E,48.2,,,,,256000000000.0,0.7,2006-08-17 10:43:34,2006,8,10,-11.0,165.7
2006-08-15 10:52:24,4.9N,49.6E,32.7,,,,,47000000000.0,0.16,2006-08-15 10:52:24,2006,8,10,4.9,49.6
2006-08-09 04:30:44,23.1S,53.7E,37.0,,,,,1020000000000.0,2.4,2006-08-09 04:30:44,2006,8,4,-23.1,53.7
2006-07-15 23:55:45,78.3S,5.0W,29.6,12.4,0.1,2.0,12.2,85000000000.0,0.26,2006-07-15 23:55:45,2006,7,23,-78.3,-5.0
2006-07-15 15:22:49,31.1N,45.6E,38.9,30.2,9.2,-1.2,-28.7,163000000000.0,0.47,2006-07-15 15:22:49,2006,7,15,31.1,45.6
2006-06-07 00:06:28,69.2N,22.5E,40.7,19.6,6.1,4.6,-18.0,59000000000.0,0.19,2006-06-07 00:06:28,2006,6,0,69.2,22.5
2006-05-28 01:32:24,,,,,,,,26000000000.0,0.092,2006-05-28 01:32:24,2006,5,1,0.0,0.0
2006-05-21 07:51:11,11.6S,25.5W,,,,,,263000000000.0,0.71,2006-05-21 07:51:11,2006,5,7,-11.6,-25.5
2006-05-07 17:45:14,,,,,,,,30000000000.0,0.1,2006-05-07 17:45:14,2006,5,17,0.0,0.0
2006-05-06 15:39:06,60.2S,152.3W,35.2,,,,,128000000000.0,0.38,2006-05-06 15:39:06,2006,5,15,-60.2,-152.3
2006-04-25 18:46:53,,,,,,,,20000000000.0,0.073,2006-04-25 18:46:53,2006,4,18,0.0,0.0
2006-04-08 13:16:23,17.3N,113.2W,33.3,,,,,127000000000.0,0.37,2006-04-08 13:16:23,2006,4,13,17.3,-113.2
2006-04-04 11:30:08,26.6N,26.6W,25.0,,,,,2400000000000.0,5.0,2006-04-04 11:30:08,2006,4,11,26.6,-26.6
2006-03-14 03:21:06,7.0N,64.6W,35.2,,,,,144000000000.0,0.42,2006-03-14 03:21:06,2006,3,3,7.0,-64.6
2006-02-26 07:30:06,,,,,,,,70000000000.0,0.22,2006-02-26 07:30:06,2006,2,7,0.0,0.0
2006-02-06 01:57:37,54.5S,18.1E,35.2,,,,,1190000000000.0,2.7,2006-02-06 01:57:37,2006,2,1,-54.5,18.1
2006-02-04 08:38:05,36.9N,143.6W,38.9,19.8,-8.8,3.4,-17.4,100000000000.0,0.3,2006-02-04 08:38:05,2006,2,8,36.9,-143.6
2006-01-28 03:33:48,51.7S,56.4E,37.0,18.7,8.4,-16.4,3.2,740000000000.0,1.8,2006-01-28 03:33:48,2006,1,3,-51.7,56.4
2006-01-27 01:27:42,58.7N,74.7E,20.0,,,,,45000000000.0,0.15,2006-01-27 01:27:42,2006,1,1,58.7,74.7
2006-01-26 00:00:53,79.8S,111.0W,37.0,,,,,53000000000.0,0.17,2006-01-26 00:00:53,2006,1,0,-79.8,-111.0
2006-01-10 23:25:28,29.8N,12.7W,32.4,16.9,-9.9,-6.3,-12.2,28000000000.0,0.098,2006-01-10 23:25:28,2006,1,23,29.8,-12.7
2006-01-08 05:20:19,7.6N,28.2W,,,,,,94000000000.0,0.29,2006-01-08 05:20:19,2006,1,5,7.6,-28.2
2005-12-29 10:05:35,3.0S,154.9W,42.2,20.7,18.6,8.5,3.2,190000000000.0,0.53,2005-12-29 10:05:35,2005,12,10,-3.0,-154.9
2005-12-24 15:30:26,54.0S,17.3E,66.0,,,,,181000000000.0,0.51,2005-12-24 15:30:26,2005,12,15,-54.0,17.3
2005-12-03 12:45:49,33.8S,117.4E,32.2,17.0,-12.1,-9.6,7.2,88000000000.0,0.27,2005-12-03 12:45:49,2005,12,12,-33.8,117.4
2005-12-01 10:40:20,6.4S,155.8W,,,,,,32000000000.0,0.11,2005-12-01 10:40:20,2005,12,10,-6.4,-155.8
2005-11-29 07:33:16,7.6N,58.2W,59.3,,,,,32000000000.0,0.11,2005-11-29 07:33:16,2005,11,7,7.6,-58.2
2005-11-15 05:19:07,26.3N,113.4W,32.4,,,,,25000000000.0,0.08900000000000001,2005-11-15 05:19:07,2005,11,5,26.3,-113.4
2005-11-11 20:34:23,21.4N,134.1W,29.6,,,,,42000000000.0,0.14,2005-11-11 20:34:23,2005,11,20,21.4,-134.1
2005-11-09 07:33:08,31.0S,145.9E,30.7,13.8,13.5,-2.7,-0.7,73000000000.0,0.23,2005-11-09 07:33:08,2005,11,7,-31.0,145.9
2005-11-02 07:04:32,33.9N,154.9W,68.5,,,,,32000000000.0,0.11,2005-11-02 07:04:32,2005,11,7,33.9,-154.9
2005-11-02 05:16:47,22.9N,123.8W,74.0,,,,,67000000000.0,0.21,2005-11-02 05:16:47,2005,11,5,22.9,-123.8
2005-10-26 21:30:47,36.3S,80.5W,16.7,,,,,138000000000.0,0.4,2005-10-26 21:30:47,2005,10,21,-36.3,-80.5
2005-09-30 19:04:06,2.8S,84.1W,53.0,,,,,22000000000.0,0.079,2005-09-30 19:04:06,2005,9,19,-2.8,-84.1
2005-09-14 01:08:52,11.6N,27.3E,33.3,,,,,25000000000.0,0.08900000000000001,2005-09-14 01:08:52,2005,9,1,11.6,27.3
2005-09-02 07:59:47,13.5N,73.1E,,,,,,82000000000.0,0.25,2005-09-02 07:59:47,2005,9,7,13.5,73.1
2005-08-20 12:10:24,,,,,,,,27000000000.0,0.095,2005-08-20 12:10:24,2005,8,12,0.0,0.0
2005-08-09 14:35:45,21.5S,56.2E,37.0,16.9,-16.3,4.3,1.4,25000000000.0,0.08900000000000001,2005-08-09 14:35:45,2005,8,14,-21.5,56.2
2005-07-01 22:36:15,49.8S,33.1E,50.0,,,,,31000000000.0,0.11,2005-07-01 22:36:15,2005,7,22,-49.8,33.1
2005-06-18 19:40:41,47.9N,85.6E,,,,,,23000000000.0,0.08199999999999999,2005-06-18 19:40:41,2005,6,19,47.9,85.6
2005-06-05 01:56:09,34.8N,90.9E,,,,,,41000000000.0,0.14,2005-06-05 01:56:09,2005,6,1,34.8,90.9
2005-06-03 08:15:41,31.0S,90.3W,29.6,26.2,-1.5,25.3,6.7,82000000000.0,0.25,2005-06-03 08:15:41,2005,6,8,-31.0,-90.3
2005-05-27 14:12:13,48.9S,145.1E,50.5,,,,,20000000000.0,0.073,2005-05-27 14:12:13,2005,5,14,-48.9,145.1
2005-05-14 13:02:53,,,,,,,,129000000000.0,0.38,2005-05-14 13:02:53,2005,5,13,0.0,0.0
2005-05-07 09:31:44,75.8S,163.7E,15.2,16.6,9.6,-9.7,9.4,26000000000.0,0.092,2005-05-07 09:31:44,2005,5,9,-75.8,163.7
2005-05-02 20:10:36,17.7N,36.0E,,,,,,46000000000.0,0.15,2005-05-02 20:10:36,2005,5,20,17.7,36.0
2005-04-22 11:18:05,20.9N,36.7W,37.0,,,,,22000000000.0,0.079,2005-04-22 11:18:05,2005,4,11,20.9,-36.7
2005-04-19 07:37:47,50.2S,146.4W,38.5,16.8,9.3,13.8,2.5,232000000000.0,0.64,2005-04-19 07:37:47,2005,4,7,-50.2,-146.4
2005-04-16 10:40:38,,,,,,,,20000000000.0,0.073,2005-04-16 10:40:38,2005,4,10,0.0,0.0
2005-04-15 06:54:59,43.8S,73.9W,39.0,,,,,21000000000.0,0.076,2005-04-15 06:54:59,2005,4,6,-43.8,-73.9
2005-04-14 14:05:22,4.9N,176.0W,26.5,,,,,71000000000.0,0.22,2005-04-14 14:05:22,2005,4,14,4.9,-176.0
2005-04-11 05:20:29,34.2S,95.7W,37.0,,,,,106000000000.0,0.32,2005-04-11 05:20:29,2005,4,5,-34.2,-95.7
2005-04-06 01:30:24,42.7S,154.6E,70.0,,,,,29000000000.0,0.1,2005-04-06 01:30:24,2005,4,1,-42.7,154.6
2005-04-05 17:48:07,,,,,,,,35000000000.0,0.12,2005-04-05 17:48:07,2005,4,17,0.0,0.0
2005-04-03 01:45:29,1.0S,112.4E,59.2,,,,,219000000000.0,0.61,2005-04-03 01:45:29,2005,4,1,-1.0,112.4
2005-04-02 22:52:25,14.1N,169.7E,27.2,,,,,204000000000.0,0.57,2005-04-02 22:52:25,2005,4,22,14.1,169.7
2005-03-31 22:15:55,42.8N,36.2W,,,,,,38000000000.0,0.13,2005-03-31 22:15:55,2005,3,22,42.8,-36.2
2005-03-18 16:48:32,9.7S,34.7W,33.0,,,,,27000000000.0,0.095,2005-03-18 16:48:32,2005,3,16,-9.7,-34.7
2005-03-12 22:16:31,,,,,,,,22000000000.0,0.079,2005-03-12 22:16:31,2005,3,22,0.0,0.0
2005-03-09 15:47:36,21.4S,157.9W,44.4,,,,,53000000000.0,0.17,2005-03-09 15:47:36,2005,3,15,-21.4,-157.9
2005-03-09 12:49:08,14.3N,142.7E,30.7,,,,,40000000000.0,0.13,2005-03-09 12:49:08,2005,3,12,14.3,142.7
2005-03-06 17:32:51,,,,,,,,55000000000.0,0.18,2005-03-06 17:32:51,2005,3,17,0.0,0.0
2005-02-17 22:52:36,48.0N,161.5W,42.5,,,,,100000000000.0,0.3,2005-02-17 22:52:36,2005,2,22,48.0,-161.5
2005-01-19 01:43:14,27.5S,164.9W,40.7,,,,,141000000000.0,0.41,2005-01-19 01:43:14,2005,1,1,-27.5,-164.9
2005-01-02 23:09:51,21.3S,154.7E,35.2,21.5,20.2,-3.3,6.6,119000000000.0,0.35,2005-01-02 23:09:51,2005,1,23,-21.3,154.7
2005-01-01 03:44:09,32.7N,12.4E,31.8,,,,,454000000000.0,1.2,2005-01-01 03:44:09,2005,1,3,32.7,12.4
2004-12-29 07:11:45,8.5S,171.8E,,,,,,90000000000.0,0.28,2004-12-29 07:11:45,2004,12,7,-8.5,171.8
2004-12-13 11:35:55,9.7S,155.3E,,,,,,39000000000.0,0.13,2004-12-13 11:35:55,2004,12,11,-9.7,155.3
2004-12-11 15:36:51,36.0N,104.1E,,,,,,30000000000.0,0.1,2004-12-11 15:36:51,2004,12,15,36.0,104.1
2004-11-30 08:32:53,61.0N,171.0W,,,,,,181000000000.0,0.51,2004-11-30 08:32:53,2004,11,8,61.0,-171.0
2004-11-17 03:13:04,,,,,,,,186000000000.0,0.52,2004-11-17 03:13:04,2004,11,3,0.0,0.0
2004-10-14 11:41:01,,,,,,,,93000000000.0,0.28,2004-10-14 11:41:01,2004,10,11,0.0,0.0
2004-10-10 11:05:28,,,,,,,,30000000000.0,0.1,2004-10-10 11:05:28,2004,10,11,0.0,0.0
2004-10-07 13:14:43,27.3S,71.5E,35.0,19.2,-15.3,1.0,11.6,10400000000000.0,18.0,2004-10-07 13:14:43,2004,10,13,-27.3,71.5
2004-10-04 04:39:52,3.7N,150.9W,,,,,,71000000000.0,0.22,2004-10-04 04:39:52,2004,10,4,3.7,-150.9
2004-09-28 08:57:28,0.2N,101.1W,,,,,,62000000000.0,0.2,2004-09-28 08:57:28,2004,9,8,0.2,-101.1
2004-09-03 12:07:22,67.7S,18.2E,31.5,,,,,7260000000000.0,13.0,2004-09-03 12:07:22,2004,9,12,-67.7,18.2
2004-08-22 10:01:33,51.9S,22.7E,37.0,,,,,1440000000000.0,3.2,2004-08-22 10:01:33,2004,8,10,-51.9,22.7
2004-07-29 12:41:45,,,,,,,,25000000000.0,0.08900000000000001,2004-07-29 12:41:45,2004,7,12,0.0,0.0
2004-07-25 05:29:13,,,,,,,,197000000000.0,0.55,2004-07-25 05:29:13,2004,7,5,0.0,0.0
2004-07-22 03:34:31,,,,,,,,35000000000.0,0.12,2004-07-22 03:34:31,2004,7,3,0.0,0.0
2004-07-16 00:11:01,,,,,,,,29000000000.0,0.1,2004-07-16 00:11:01,2004,7,0,0.0,0.0
2004-07-04 16:58:04,,,,,,,,79000000000.0,0.25,2004-07-04 16:58:04,2004,7,16,0.0,0.0
2004-07-03 20:47:22,,,,,,,,65000000000.0,0.21,2004-07-03 20:47:22,2004,7,20,0.0,0.0
2004-06-12 07:13:56,21.7N,175.3E,,,,,,104000000000.0,0.31,2004-06-12 07:13:56,2004,6,7,21.7,175.3
2004-06-11 15:41:40,,,,,,,,104000000000.0,0.31,2004-06-11 15:41:40,2004,6,15,0.0,0.0
2004-06-05 20:34:10,1.3N,174.4W,43.0,19.5,9.4,17.0,-1.5,1810000000000.0,3.9,2004-06-05 20:34:10,2004,6,20,1.3,-174.4
2004-06-04 13:41:38,,,,,,,,339000000000.0,0.89,2004-06-04 13:41:38,2004,6,13,0.0,0.0
2004-06-03 21:59:15,,,,,,,,47000000000.0,0.16,2004-06-03 21:59:15,2004,6,21,0.0,0.0
2004-06-03 09:40:12,48.9N,120.4W,,,,,,54000000000.0,0.18,2004-06-03 09:40:12,2004,6,9,48.9,-120.4
2004-05-18 11:12:12,28.1S,47.4W,,,,,,394000000000.0,1.0,2004-05-18 11:12:12,2004,5,11,-28.1,-47.4
2004-05-17 02:08:27,18.9S,28.3E,44.0,,,,,55000000000.0,0.18,2004-05-17 02:08:27,2004,5,2,-18.9,28.3
2004-05-06 02:22:49,,,,,,,,49000000000.0,0.16,2004-05-06 02:22:49,2004,5,2,0.0,0.0
2004-04-23 00:33:41,,,,,,,,56000000000.0,0.18,2004-04-23 00:33:41,2004,4,0,0.0,0.0
2004-04-22 21:19:55,15.2S,55.1E,,,,,,139000000000.0,0.41,2004-04-22 21:19:55,2004,4,21,-15.2,55.1
2004-04-22 04:21:49,44.3S,83.3E,29.6,16.3,8.5,-12.1,-6.8,624000000000.0,1.5,2004-04-22 04:21:49,2004,4,4,-44.3,83.3
2004-04-06 03:24:49,12.0S,162.8E,35.0,25.6,10.5,-23.2,-2.9,433000000000.0,1.1,2004-04-06 03:24:49,2004,4,3,-12.0,162.8
2004-03-26 16:35:45,7.6S,155.1E,46.0,,,,,24000000000.0,0.086,2004-03-26 16:35:45,2004,3,16,-7.6,155.1
2004-03-25 09:39:26,4.8S,21.0E,,,,,,21000000000.0,0.076,2004-03-25 09:39:26,2004,3,9,-4.8,21.0
2004-02-27 01:18:54,,,,,,,,60000000000.0,0.19,2004-02-27 01:18:54,2004,2,1,0.0,0.0
2004-02-02 18:52:20,18.3S,52.3E,,,,,,30000000000.0,0.1,2004-02-02 18:52:20,2004,2,18,-18.3,52.3
2004-01-22 01:06:43,50.6S,157.8E,37.0,,,,,232000000000.0,0.64,2004-01-22 01:06:43,2004,1,1,-50.6,157.8
2004-01-17 20:11:02,,,,,,,,28000000000.0,0.098,2004-01-17 20:11:02,2004,1,20,0.0,0.0
2004-01-16 11:17:06,,,,,,,,98000000000.0,0.3,2004-01-16 11:17:06,2004,1,11,0.0,0.0
2004-01-02 04:27:59,28.2S,3.2E,63.0,,,,,134000000000.0,0.39,2004-01-02 04:27:59,2004,1,4,-28.2,3.2
2003-12-09 22:36:23,67.1S,90.8W,,,,,,643000000000.0,1.6,2003-12-09 22:36:23,2003,12,22,-67.1,-90.8
2003-11-26 02:00:04,22.9S,22.7E,32.0,,,,,35000000000.0,0.12,2003-11-26 02:00:04,2003,11,2,-22.9,22.7
2003-11-10 13:54:06,64.5S,136.2E,23.0,20.1,14.8,-8.7,10.4,518000000000.0,1.3,2003-11-10 13:54:06,2003,11,13,-64.5,136.2
2003-11-01 14:09:30,51.4S,151.7E,,,,,,73000000000.0,0.23,2003-11-01 14:09:30,2003,11,14,-51.4,151.7
2003-10-16 00:47:28,,,,,,,,285000000000.0,0.77,2003-10-16 00:47:28,2003,10,0,0.0,0.0
2003-10-13 14:06:59,,,,,,,,30000000000.0,0.1,2003-10-13 14:06:59,2003,10,14,0.0,0.0
2003-10-07 00:23:56,,,,,,,,37000000000.0,0.13,2003-10-07 00:23:56,2003,10,0,0.0,0.0
2003-09-27 12:59:02,21.0N,86.6E,26.0,18.2,-1.0,-5.4,-17.3,2150000000000.0,4.6,2003-09-27 12:59:02,2003,9,12,21.0,86.6
2003-09-22 03:45:43,,,,,,,,33000000000.0,0.11,2003-09-22 03:45:43,2003,9,3,0.0,0.0
2003-09-21 07:40:00,,,,,,,,20000000000.0,0.073,2003-09-21 07:40:00,2003,9,7,0.0,0.0
2003-09-20 19:04:01,,,,,,,,30000000000.0,0.1,2003-09-20 19:04:01,2003,9,19,0.0,0.0
2003-09-02 20:00:46,51.3N,161.0W,,,,,,385000000000.0,1.0,2003-09-02 20:00:46,2003,9,20,51.3,-161.0
2003-08-26 22:08:45,,,,,,,,72000000000.0,0.23,2003-08-26 22:08:45,2003,8,22,0.0,0.0
2003-08-26 08:44:07,,,,,,,,249000000000.0,0.68,2003-08-26 08:44:07,2003,8,8,0.0,0.0
2003-08-17 13:16:07,39.0S,34.0E,,,,,,647000000000.0,1.6,2003-08-17 13:16:07,2003,8,13,-39.0,34.0
2003-08-01 04:09:32,,,,,,,,21000000000.0,0.076,2003-08-01 04:09:32,2003,8,4,0.0,0.0
2003-07-21 05:11:28,,,,,,,,58000000000.0,0.19,2003-07-21 05:11:28,2003,7,5,0.0,0.0
2003-06-22 22:53:28,,,,,,,,21000000000.0,0.076,2003-06-22 22:53:28,2003,6,22,0.0,0.0
2003-06-21 14:49:57,,,,,,,,38000000000.0,0.13,2003-06-21 14:49:57,2003,6,14,0.0,0.0
2003-06-16 17:17:19,,,,,,,,65000000000.0,0.21,2003-06-16 17:17:19,2003,6,17,0.0,0.0
2003-06-10 14:11:07,41.8S,122.9E,,,,,,32000000000.0,0.11,2003-06-10 14:11:07,2003,6,14,-41.8,122.9
2003-05-27 23:32:32,5.2N,166.2E,,,,,,68000000000.0,0.22,2003-05-27 23:32:32,2003,5,23,5.2,166.2
2003-05-19 03:38:12,,,,,,,,521000000000.0,1.3,2003-05-19 03:38:12,2003,5,3,0.0,0.0
2003-05-18 07:51:40,,,,,,,,21000000000.0,0.076,2003-05-18 07:51:40,2003,5,7,0.0,0.0
2003-05-15 06:28:32,54.0N,80.4W,,,,,,43000000000.0,0.14,2003-05-15 06:28:32,2003,5,6,54.0,-80.4
2003-04-28 13:06:46,,,,,,,,23000000000.0,0.08199999999999999,2003-04-28 13:06:46,2003,4,13,0.0,0.0
2003-04-13 17:58:41,14.8N,64.5E,17.0,,,,,175000000000.0,0.5,2003-04-13 17:58:41,2003,4,17,14.8,64.5
2003-04-07 09:25:28,18.4S,162.6E,,,,,,22000000000.0,0.079,2003-04-07 09:25:28,2003,4,9,-18.4,162.6
2003-04-01 04:40:55,,,,,,,,31000000000.0,0.11,2003-04-01 04:40:55,2003,4,4,0.0,0.0
2003-03-27 05:50:26,41.4N,87.7W,45.0,,,,,142000000000.0,0.41,2003-03-27 05:50:26,2003,3,5,41.4,-87.7
2003-02-25 23:13:28,40.0N,116.0E,,,,,,33000000000.0,0.11,2003-02-25 23:13:28,2003,2,23,40.0,116.0
2003-02-12 23:45:57,,,,,,,,79000000000.0,0.25,2003-02-12 23:45:57,2003,2,23,0.0,0.0
2003-02-12 02:37:54,31.5S,107.5E,,,,,,120000000000.0,0.36,2003-02-12 02:37:54,2003,2,2,-31.5,107.5
2003-02-06 17:00:19,62.9S,113.9W,,,,,,197000000000.0,0.55,2003-02-06 17:00:19,2003,2,17,-62.9,-113.9
2003-02-05 06:16:27,,,,,,,,103000000000.0,0.31,2003-02-05 06:16:27,2003,2,6,0.0,0.0
2003-02-04 14:07:08,59.9S,41.0E,,,,,,135000000000.0,0.4,2003-02-04 14:07:08,2003,2,14,-59.9,41.0
2003-01-30 06:02:59,,,,,,,,107000000000.0,0.32,2003-01-30 06:02:59,2003,1,6,0.0,0.0
2002-11-28 15:41:53,,,,,,,,46000000000.0,0.15,2002-11-28 15:41:53,2002,11,15,0.0,0.0
2002-11-21 00:11:17,1.4S,154.0W,,,,,,240000000000.0,0.66,2002-11-21 00:11:17,2002,11,0,-1.4,-154.0
2002-11-12 21:49:56,21.1S,6.8W,,,,,,43000000000.0,0.14,2002-11-12 21:49:56,2002,11,21,-21.1,-6.8
2002-11-10 22:13:54,16.0N,166.0W,,,,,,460000000000.0,1.2,2002-11-10 22:13:54,2002,11,22,16.0,-166.0
2002-10-09 12:00:35,4.3S,175.9W,,,,,,49000000000.0,0.16,2002-10-09 12:00:35,2002,10,12,-4.3,-175.9
2002-10-04 10:08:01,,,,,,,,117000000000.0,0.35,2002-10-04 10:08:01,2002,10,10,0.0,0.0
2002-09-24 16:48:57,57.9N,112.9E,,,,,,860000000000.0,2.0,2002-09-24 16:48:57,2002,9,16,57.9,112.9
2002-08-14 07:48:32,6.9S,126.2W,,,,,,90000000000.0,0.28,2002-08-14 07:48:32,2002,8,7,-6.9,-126.2
2002-08-11 20:42:53,18.2S,159.4E,,,,,,1510000000000.0,3.3,2002-08-11 20:42:53,2002,8,20,-18.2,159.4
2002-08-10 18:01:51,,,,,,,,25000000000.0,0.08900000000000001,2002-08-10 18:01:51,2002,8,18,0.0,0.0
2002-07-25 15:57:32,28.7S,47.0E,,,,,,230000000000.0,0.63,2002-07-25 15:57:32,2002,7,15,-28.7,47.0
2002-07-22 11:16:02,34.0N,106.1E,,,,,,53000000000.0,0.17,2002-07-22 11:16:02,2002,7,11,34.0,106.1
2002-06-29 16:31:55,,,,,,,,159000000000.0,0.46,2002-06-29 16:31:55,2002,6,16,0.0,0.0
2002-06-15 11:51:18,,,,,,,,29000000000.0,0.1,2002-06-15 11:51:18,2002,6,11,0.0,0.0
2002-06-13 15:29:38,24.9S,111.4E,,,,,,191000000000.0,0.54,2002-06-13 15:29:38,2002,6,15,-24.9,111.4
2002-06-02 04:28:20,34.0N,21.0E,,,,,,4500000000000.0,8.8,2002-06-02 04:28:20,2002,6,4,34.0,21.0
2002-04-03 19:10:21,5.3S,27.1E,,,,,,182000000000.0,0.51,2002-04-03 19:10:21,2002,4,19,-5.3,27.1
2002-04-02 02:36:28,,,,,,,,32000000000.0,0.11,2002-04-02 02:36:28,2002,4,2,0.0,0.0
2002-03-28 21:29:56,,,,,,,,27000000000.0,0.095,2002-03-28 21:29:56,2002,3,21,0.0,0.0
2002-03-19 05:56:10,,,,,,,,83000000000.0,0.26,2002-03-19 05:56:10,2002,3,5,0.0,0.0
2002-03-19 02:56:52,,,,,,,,53000000000.0,0.17,2002-03-19 02:56:52,2002,3,2,0.0,0.0
2002-03-18 14:44:57,60.4S,120.5W,,,,,,20000000000.0,0.073,2002-03-18 14:44:57,2002,3,14,-60.4,-120.5
2002-03-09 01:20:24,6.9N,147.3W,,,,,,249000000000.0,0.68,2002-03-09 01:20:24,2002,3,1,6.9,-147.3
2002-03-03 21:10:55,37.5N,154.0E,,,,,,82000000000.0,0.25,2002-03-03 21:10:55,2002,3,21,37.5,154.0
2002-03-01 03:53:59,29.2N,66.8W,,,,,,38000000000.0,0.13,2002-03-01 03:53:59,2002,3,3,29.2,-66.8
2002-02-09 19:50:26,17.7S,138.7E,,,,,,70000000000.0,0.22,2002-02-09 19:50:26,2002,2,19,-17.7,138.7
2002-02-01 19:07:54,60.7N,116.6E,,,,,,70000000000.0,0.22,2002-02-01 19:07:54,2002,2,19,60.7,116.6
2002-01-20 16:42:04,48.4N,165.0W,,,,,,104000000000.0,0.31,2002-01-20 16:42:04,2002,1,16,48.4,-165.0
2002-01-03 12:19:37,,,,,,,,123000000000.0,0.36,2002-01-03 12:19:37,2002,1,12,0.0,0.0
2001-12-14 17:58:04,,,,,,,,151000000000.0,0.44,2001-12-14 17:58:04,2001,12,17,0.0,0.0
2001-12-12 16:56:13,,,,,,,,98000000000.0,0.3,2001-12-12 16:56:13,2001,12,16,0.0,0.0
2001-11-26 06:51:52,,,,,,,,192000000000.0,0.54,2001-11-26 06:51:52,2001,11,6,0.0,0.0
2001-11-13 10:58:48,,,,,,,,312000000000.0,0.83,2001-11-13 10:58:48,2001,11,10,0.0,0.0
2001-11-11 12:14:02,,,,,,,,130000000000.0,0.38,2001-11-11 12:14:02,2001,11,12,0.0,0.0
2001-10-27 19:20:12,52.7N,3.8E,,,,,,36000000000.0,0.12,2001-10-27 19:20:12,2001,10,19,52.7,3.8
2001-10-14 12:03:11,,,,,,,,89000000000.0,0.27,2001-10-14 12:03:11,2001,10,12,0.0,0.0
2001-10-12 03:11:53,,,,,,,,62000000000.0,0.2,2001-10-12 03:11:53,2001,10,3,0.0,0.0
2001-10-06 06:29:38,,,,,,,,158000000000.0,0.45,2001-10-06 06:29:38,2001,10,6,0.0,0.0
2001-09-25 11:54:06,,,,,,,,42000000000.0,0.14,2001-09-25 11:54:06,2001,9,11,0.0,0.0
2001-08-26 16:08:52,,,,,,,,38000000000.0,0.13,2001-08-26 16:08:52,2001,8,16,0.0,0.0
2001-08-18 13:57:43,,,,,,,,40000000000.0,0.13,2001-08-18 13:57:43,2001,8,13,0.0,0.0
2001-07-26 21:20:19,0.4N,84.8E,,,,,,326000000000.0,0.86,2001-07-26 21:20:19,2001,7,21,0.4,84.8
2001-07-23 22:19:11,41.0N,77.0W,,,,,,1240000000000.0,2.8,2001-07-23 22:19:11,2001,7,22,41.0,-77.0
2001-05-06 04:30:29,,,,,,,,50000000000.0,0.16,2001-05-06 04:30:29,2001,5,4,0.0,0.0
2001-04-27 09:46:18,,,,,,,,130000000000.0,0.38,2001-04-27 09:46:18,2001,4,9,0.0,0.0
2001-04-23 06:12:35,28.0N,133.6W,29.0,,,,,4600000000000.0,9.0,2001-04-23 06:12:35,2001,4,6,28.0,-133.6
2001-04-14 06:40:36,,,,,,,,24000000000.0,0.086,2001-04-14 06:40:36,2001,4,6,0.0,0.0
2001-04-13 00:29:57,15.3S,162.4E,,,,,,251000000000.0,0.68,2001-04-13 00:29:57,2001,4,0,-15.3,162.4
2001-02-09 21:27:55,,,,,,,,108000000000.0,0.32,2001-02-09 21:27:55,2001,2,21,0.0,0.0
2001-02-04 05:53:38,64.0S,97.3E,,,,,,151000000000.0,0.44,2001-02-04 05:53:38,2001,2,5,-64.0,97.3
2001-01-28 16:19:18,66.0N,31.3E,,,,,,108000000000.0,0.32,2001-01-28 16:19:18,2001,1,16,66.0,31.3
2000-12-15 13:22:59,41.3N,95.2E,,,,,,262000000000.0,0.71,2000-12-15 13:22:59,2000,12,13,41.3,95.2
2000-12-15 03:46:27,50.4N,58.9E,,,,,,27000000000.0,0.095,2000-12-15 03:46:27,2000,12,3,50.4,58.9
2000-11-28 12:20:13,,,,,,,,119000000000.0,0.35,2000-11-28 12:20:13,2000,11,12,0.0,0.0
2000-11-13 00:28:01,13.6S,5.8W,,,,,,66000000000.0,0.21,2000-11-13 00:28:01,2000,11,0,-13.6,-5.8
2000-11-06 07:18:57,52.0S,22.2W,,,,,,69000000000.0,0.22,2000-11-06 07:18:57,2000,11,7,-52.0,-22.2
2000-10-11 23:29:55,31.7S,5.5W,,,,,,81000000000.0,0.25,2000-10-11 23:29:55,2000,10,23,-31.7,-5.5
2000-09-24 06:57:19,,,,,,,,27000000000.0,0.095,2000-09-24 06:57:19,2000,9,6,0.0,0.0
2000-09-23 04:00:45,58.5S,142.6E,,,,,,22000000000.0,0.079,2000-09-23 04:00:45,2000,9,4,-58.5,142.6
2000-09-19 22:12:38,3.2S,133.8W,,,,,,89000000000.0,0.27,2000-09-19 22:12:38,2000,9,22,-3.2,-133.8
2000-08-25 01:12:25,14.5N,106.1W,,,,,,1385000000000.0,3.1,2000-08-25 01:12:25,2000,8,1,14.5,-106.1
2000-08-13 03:00:32,36.7N,127.8W,,,,,,65000000000.0,0.21,2000-08-13 03:00:32,2000,8,3,36.7,-127.8
2000-08-01 16:48:27,50.2S,101.9W,,,,,,182000000000.0,0.51,2000-08-01 16:48:27,2000,8,16,-50.2,-101.9
2000-07-31 07:06:34,15.7N,138.5W,,,,,,38000000000.0,0.13,2000-07-31 07:06:34,2000,7,7,15.7,-138.5
2000-07-19 17:40:25,17.7S,94.1E,,,,,,107000000000.0,0.32,2000-07-19 17:40:25,2000,7,17,-17.7,94.1
2000-07-09 01:08:45,,,,,,,,121000000000.0,0.36,2000-07-09 01:08:45,2000,7,1,0.0,0.0
2000-07-07 01:34:20,15.0N,140.7E,,,,,,65000000000.0,0.21,2000-07-07 01:34:20,2000,7,1,15.0,140.7
2000-06-27 10:06:51,34.9N,36.8E,,,,,,27000000000.0,0.095,2000-06-27 10:06:51,2000,6,10,34.9,36.8
2000-06-23 09:03:42,69.2N,44.0W,,,,,,20000000000.0,0.073,2000-06-23 09:03:42,2000,6,9,69.2,-44.0
2000-06-22 20:02:11,32.9N,159.0E,,,,,,30000000000.0,0.1,2000-06-22 20:02:11,2000,6,20,32.9,159.0
2000-06-18 13:40:02,,,,,,,,133000000000.0,0.39,2000-06-18 13:40:02,2000,6,13,0.0,0.0
2000-06-14 16:39:18,28.1N,107.3E,48.0,,,,,145000000000.0,0.42,2000-06-14 16:39:18,2000,6,16,28.1,107.3
2000-06-04 03:17:39,,,,,,,,190000000000.0,0.53,2000-06-04 03:17:39,2000,6,3,0.0,0.0
2000-06-03 03:24:49,36.8N,74.8W,,,,,,30000000000.0,0.1,2000-06-03 03:24:49,2000,6,3,36.8,-74.8
2000-06-02 18:44:16,27.5S,18.9W,,,,,,30000000000.0,0.1,2000-06-02 18:44:16,2000,6,18,-27.5,-18.9
2000-05-29 16:46:28,,,,,,,,60000000000.0,0.19,2000-05-29 16:46:28,2000,5,16,0.0,0.0
2000-05-06 11:51:52,49.9N,18.4E,,,,,,28000000000.0,0.098,2000-05-06 11:51:52,2000,5,11,49.9,18.4
2000-05-03 10:40:09,5.0S,73.0E,,,,,,59000000000.0,0.19,2000-05-03 10:40:09,2000,5,10,-5.0,73.0
2000-04-21 13:42:20,,,,,,,,86000000000.0,0.27,2000-04-21 13:42:20,2000,4,13,0.0,0.0
2000-04-04 13:38:15,,,,,,,,23000000000.0,0.08199999999999999,2000-04-04 13:38:15,2000,4,13,0.0,0.0
2000-03-28 15:27:17,1.0N,98.3E,,,,,,63000000000.0,0.2,2000-03-28 15:27:17,2000,3,15,1.0,98.3
2000-03-19 05:11:50,,,,,,,,49000000000.0,0.16,2000-03-19 05:11:50,2000,3,5,0.0,0.0
2000-03-06 08:29:18,58.0N,175.0E,,,,,,960000000000.0,2.2,2000-03-06 08:29:18,2000,3,8,58.0,175.0
2000-02-18 09:25:59,0.9S,109.2E,,,,,,3620000000000.0,7.3,2000-02-18 09:25:59,2000,2,9,-0.9,109.2
2000-02-17 14:22:07,14.2N,115.9E,,,,,,22000000000.0,0.079,2000-02-17 14:22:07,2000,2,14,14.2,115.9
2000-01-18 16:43:42,60.3N,134.6W,,,,,,1050000000000.0,2.4,2000-01-18 16:43:42,2000,1,16,60.3,-134.6
2000-01-18 08:33:58,24.3N,94.9W,,,,,,35000000000.0,0.12,2000-01-18 08:33:58,2000,1,8,24.3,-94.9
1999-12-16 00:07:22,26.5S,11.3W,,,,,,67000000000.0,0.21,1999-12-16 00:07:22,1999,12,0,-26.5,-11.3
1999-12-11 17:31:52,,,,,,,,273000000000.0,0.74,1999-12-11 17:31:52,1999,12,17,0.0,0.0
1999-12-10 18:56:50,,,,,,,,28000000000.0,0.098,1999-12-10 18:56:50,1999,12,18,0.0,0.0
1999-12-03 17:24:45,,,,,,,,42000000000.0,0.14,1999-12-03 17:24:45,1999,12,17,0.0,0.0
1999-12-01 19:38:15,,,,,,,,23000000000.0,0.08199999999999999,1999-12-01 19:38:15,1999,12,19,0.0,0.0
1999-11-30 02:18:53,,,,,,,,45000000000.0,0.15,1999-11-30 02:18:53,1999,11,2,0.0,0.0
1999-11-15 20:01:28,8.1S,75.4E,,,,,,74000000000.0,0.23,1999-11-15 20:01:28,1999,11,20,-8.1,75.4
1999-11-07 17:53:06,2.3S,77.4W,,,,,,89000000000.0,0.27,1999-11-07 17:53:06,1999,11,17,-2.3,-77.4
1999-10-26 17:19:42,13.7N,70.8W,,,,,,86000000000.0,0.27,1999-10-26 17:19:42,1999,10,17,13.7,-70.8
1999-09-08 23:55:35,22.4N,0.2E,,,,,,28000000000.0,0.098,1999-09-08 23:55:35,1999,9,23,22.4,0.2
1999-09-08 14:41:53,32.5N,104.6E,32.0,,,,,90000000000.0,0.28,1999-09-08 14:41:53,1999,9,14,32.5,104.6
1999-08-16 05:18:20,35.0N,107.2W,,,,,,36000000000.0,0.12,1999-08-16 05:18:20,1999,8,5,35.0,-107.2
1999-08-06 03:22:37,,,,,,,,68000000000.0,0.22,1999-08-06 03:22:37,1999,8,3,0.0,0.0
1999-08-03 18:25:49,64.7S,18.8W,,,,,,356000000000.0,0.93,1999-08-03 18:25:49,1999,8,18,-64.7,-18.8
1999-07-10 08:11:42,37.8S,39.6E,52.0,,,,,326000000000.0,0.86,1999-07-10 08:11:42,1999,7,8,-37.8,39.6
1999-07-07 04:14:41,39.5S,174.4E,,,,,,140000000000.0,0.41,1999-07-07 04:14:41,1999,7,4,-39.5,174.4
1999-06-25 06:27:41,50.0N,121.0E,69.0,,,,,124000000000.0,0.37,1999-06-25 06:27:41,1999,6,6,50.0,121.0
1999-05-23 07:02:10,16.4S,116.3W,,,,,,26000000000.0,0.092,1999-05-23 07:02:10,1999,5,7,-16.4,-116.3
1999-04-26 11:33:06,22.5S,6.5E,,,,,,92000000000.0,0.28,1999-04-26 11:33:06,1999,4,11,-22.5,6.5
1999-04-26 09:49:26,32.8S,159.1E,,,,,,33000000000.0,0.11,1999-04-26 09:49:26,1999,4,9,-32.8,159.1
1999-03-31 23:54:35,17.9S,22.6E,,,,,,234000000000.0,0.64,1999-03-31 23:54:35,1999,3,23,-17.9,22.6
1999-03-28 15:37:01,0.8N,97.6E,,,,,,304000000000.0,0.81,1999-03-28 15:37:01,1999,3,15,0.8,97.6
1999-03-02 22:23:25,18.9N,50.5E,,,,,,59000000000.0,0.19,1999-03-02 22:23:25,1999,3,22,18.9,50.5
1999-02-18 23:15:25,54.9S,64.6W,,,,,,154000000000.0,0.44,1999-02-18 23:15:25,1999,2,23,-54.9,-64.6
1999-02-01 14:24:09,80.0N,154.2E,,,,,,28000000000.0,0.098,1999-02-01 14:24:09,1999,2,14,80.0,154.2
1999-01-19 02:32:21,7.9N,85.8E,,,,,,24000000000.0,0.086,1999-01-19 02:32:21,1999,1,2,7.9,85.8
1999-01-14 08:06:05,44.0S,129.7W,32.0,,,,,5060000000000.0,9.8,1999-01-14 08:06:05,1999,1,8,-44.0,-129.7
1999-01-12 19:24:52,,,,,,,,43000000000.0,0.14,1999-01-12 19:24:52,1999,1,19,0.0,0.0
1999-01-11 05:18:17,,,,,,,,24000000000.0,0.086,1999-01-11 05:18:17,1999,1,5,0.0,0.0
1999-01-02 18:25:51,47.0N,103.0E,65.0,,,,,35000000000.0,0.12,1999-01-02 18:25:51,1999,1,18,47.0,103.0
1998-12-22 09:24:00,,,,,,,,27000000000.0,0.095,1998-12-22 09:24:00,1998,12,9,0.0,0.0
1998-11-23 20:20:14,82.3N,160.1E,,,,,,25000000000.0,0.08900000000000001,1998-11-23 20:20:14,1998,11,20,82.3,160.1
1998-11-11 16:46:18,6.5N,156.4E,,,,,,656000000000.0,1.6,1998-11-11 16:46:18,1998,11,16,6.5,156.4
1998-10-03 12:58:50,,,,,,,,32000000000.0,0.11,1998-10-03 12:58:50,1998,10,12,0.0,0.0
1998-09-04 09:16:11,,,,,,,,128000000000.0,0.38,1998-09-04 09:16:11,1998,9,9,0.0,0.0
1998-09-01 11:15:04,34.6N,23.6E,,,,,,24000000000.0,0.086,1998-09-01 11:15:04,1998,9,11,34.6,23.6
1998-08-30 00:20:12,,,,,,,,41000000000.0,0.14,1998-08-30 00:20:12,1998,8,0,0.0,0.0
1998-08-08 12:55:22,,,,,,,,23000000000.0,0.08199999999999999,1998-08-08 12:55:22,1998,8,12,0.0,0.0
1998-07-28 14:16:53,,,,,,,,63000000000.0,0.2,1998-07-28 14:16:53,1998,7,14,0.0,0.0
1998-03-24 09:08:14,,,,,,,,27000000000.0,0.095,1998-03-24 09:08:14,1998,3,9,0.0,0.0
1998-03-22 22:25:37,1.4N,26.6E,,,,,,140000000000.0,0.41,1998-03-22 22:25:37,1998,3,22,1.4,26.6
1998-01-08 16:10:21,,,,,,,,62000000000.0,0.2,1998-01-08 16:10:21,1998,1,16,0.0,0.0
1998-01-04 23:00:27,35.1S,33.4E,30.0,17.1,6.0,-10.6,12.0,74000000000.0,0.23,1998-01-04 23:00:27,1998,1,23,-35.1,33.4
1997-12-28 03:58:18,23.1S,152.4E,,,,,,31000000000.0,0.11,1997-12-28 03:58:18,1997,12,3,-23.1,152.4
1997-12-09 08:15:55,62.7N,49.9W,,,,,,270000000000.0,0.73,1997-12-09 08:15:55,1997,12,8,62.7,-49.9
1997-11-07 07:46:55,57.3S,167.2E,,,,,,800000000000.0,1.9,1997-11-07 07:46:55,1997,11,7,-57.3,167.2
1997-10-09 18:47:15,31.8N,106.0W,37.0,,,,,190000000000.0,0.53,1997-10-09 18:47:15,1997,10,18,31.8,-106.0
1997-10-01 14:26:43,46.7N,108.9E,,,,,,62000000000.0,0.2,1997-10-01 14:26:43,1997,10,14,46.7,108.9
1997-09-30 12:31:18,38.1S,63.9E,,,,,,23000000000.0,0.08199999999999999,1997-09-30 12:31:18,1997,9,12,-38.1,63.9
1997-09-05 11:41:54,31.1S,56.4E,,,,,,190000000000.0,0.53,1997-09-05 11:41:54,1997,9,11,-31.1,56.4
1997-08-20 17:16:43,,,,,,,,26000000000.0,0.092,1997-08-20 17:16:43,1997,8,17,0.0,0.0
1997-08-15 01:05:22,,,,,,,,22000000000.0,0.079,1997-08-15 01:05:22,1997,8,1,0.0,0.0
1997-07-30 03:01:51,,,,,,,,50000000000.0,0.16,1997-07-30 03:01:51,1997,7,3,0.0,0.0
1997-07-04 12:22:33,15.8S,175.8W,,,,,,27000000000.0,0.095,1997-07-04 12:22:33,1997,7,12,-15.8,-175.8
1997-05-22 08:30:15,,,,,,,,45000000000.0,0.15,1997-05-22 08:30:15,1997,5,8,0.0,0.0
1997-04-27 22:34:21,16.7N,87.5E,,,,,,325000000000.0,0.86,1997-04-27 22:34:21,1997,4,22,16.7,87.5
1997-02-19 04:31:35,16.3S,87.7W,,,,,,140000000000.0,0.41,1997-02-19 04:31:35,1997,2,4,-16.3,-87.7
1997-02-15 15:23:35,35.5N,115.6E,,,,,,150000000000.0,0.43,1997-02-15 15:23:35,1997,2,15,35.5,115.6
1997-02-06 18:28:34,,,,,,,,26000000000.0,0.092,1997-02-06 18:28:34,1997,2,18,0.0,0.0
1997-01-28 17:49:49,,,,,,,,24000000000.0,0.086,1997-01-28 17:49:49,1997,1,17,0.0,0.0
1997-01-23 10:03:27,15.0S,94.2E,,,,,,270000000000.0,0.73,1997-01-23 10:03:27,1997,1,10,-15.0,94.2
1997-01-22 21:13:16,32.2N,29.0E,,,,,,480000000000.0,1.2,1997-01-22 21:13:16,1997,1,21,32.2,29.0
1997-01-04 06:46:39,25.7N,5.3W,,,,,,43000000000.0,0.14,1997-01-04 06:46:39,1997,1,6,25.7,-5.3
1997-01-03 15:08:07,,,,,,,,350000000000.0,0.92,1997-01-03 15:08:07,1997,1,15,0.0,0.0
1996-12-17 04:16:18,34.1N,37.2W,,,,,,41000000000.0,0.14,1996-12-17 04:16:18,1996,12,4,34.1,-37.2
1996-12-10 06:09:32,,,,,,,,250000000000.0,0.68,1996-12-10 06:09:32,1996,12,6,0.0,0.0
1996-12-04 17:00:34,,,,,,,,49000000000.0,0.16,1996-12-04 17:00:34,1996,12,17,0.0,0.0
1996-12-01 13:19:35,,,,,,,,62000000000.0,0.2,1996-12-01 13:19:35,1996,12,13,0.0,0.0
1996-11-22 10:06:17,,,,,,,,68000000000.0,0.22,1996-11-22 10:06:17,1996,11,10,0.0,0.0
1996-11-08 16:02:13,,,,,,,,61000000000.0,0.2,1996-11-08 16:02:13,1996,11,16,0.0,0.0
1996-10-30 12:48:19,2.1S,123.1W,,,,,,21000000000.0,0.076,1996-10-30 12:48:19,1996,10,12,-2.1,-123.1
1996-10-28 04:46:21,27.4N,79.4W,,,,,,43000000000.0,0.14,1996-10-28 04:46:21,1996,10,4,27.4,-79.4
1996-10-23 08:28:06,47.3S,20.6E,,,,,,44000000000.0,0.15,1996-10-23 08:28:06,1996,10,8,-47.3,20.6
1996-10-19 19:01:08,29.7N,34.7W,,,,,,130000000000.0,0.38,1996-10-19 19:01:08,1996,10,19,29.7,-34.7
1996-10-07 17:43:44,,,,,,,,45000000000.0,0.15,1996-10-07 17:43:44,1996,10,17,0.0,0.0
1996-10-05 19:21:02,49.6S,145.9E,,,,,,250000000000.0,0.68,1996-10-05 19:21:02,1996,10,19,-49.6,145.9
1996-08-17 15:46:08,,,,,,,,34000000000.0,0.12,1996-08-17 15:46:08,1996,8,15,0.0,0.0
1996-08-15 16:07:51,,,,,,,,84000000000.0,0.26,1996-08-15 16:07:51,1996,8,16,0.0,0.0
1996-08-09 18:14:56,,,,,,,,30000000000.0,0.1,1996-08-09 18:14:56,1996,8,18,0.0,0.0
1996-08-07 03:16:03,,,,,,,,150000000000.0,0.43,1996-08-07 03:16:03,1996,8,3,0.0,0.0
1996-08-06 04:50:32,,,,,,,,130000000000.0,0.38,1996-08-06 04:50:32,1996,8,4,0.0,0.0
1996-08-05 19:27:52,,,,,,,,220000000000.0,0.61,1996-08-05 19:27:52,1996,8,19,0.0,0.0
1996-08-05 15:19:30,,,,,,,,80000000000.0,0.25,1996-08-05 15:19:30,1996,8,15,0.0,0.0
1996-07-17 03:16:07,31.8N,111.4E,,,,,,50000000000.0,0.16,1996-07-17 03:16:07,1996,7,3,31.8,111.4
1996-07-12 14:04:45,20.7N,93.6W,,,,,,32000000000.0,0.11,1996-07-12 14:04:45,1996,7,14,20.7,-93.6
1996-06-25 11:22:40,,,,,,,,21000000000.0,0.076,1996-06-25 11:22:40,1996,6,11,0.0,0.0
1996-05-08 01:02:05,,,,,,,,28000000000.0,0.098,1996-05-08 01:02:05,1996,5,1,0.0,0.0
1996-05-01 13:19:25,,,,,,,,35000000000.0,0.12,1996-05-01 13:19:25,1996,5,13,0.0,0.0
1996-03-31 00:53:57,,,,,,,,27000000000.0,0.095,1996-03-31 00:53:57,1996,3,0,0.0,0.0
1996-03-30 04:03:32,31.1S,84.3W,,,,,,120000000000.0,0.36,1996-03-30 04:03:32,1996,3,4,-31.1,-84.3
1996-03-29 20:30:54,21.5N,158.1W,,,,,,128000000000.0,0.38,1996-03-29 20:30:54,1996,3,20,21.5,-158.1
1996-03-25 17:00:41,,,,,,,,44000000000.0,0.15,1996-03-25 17:00:41,1996,3,17,0.0,0.0
1996-03-13 08:31:01,,,,,,,,230000000000.0,0.63,1996-03-13 08:31:01,1996,3,8,0.0,0.0
1996-02-16 07:03:14,,,,,,,,55000000000.0,0.18,1996-02-16 07:03:14,1996,2,7,0.0,0.0
1996-02-15 02:38:05,76.0N,127.0W,,,,,,50000000000.0,0.16,1996-02-15 02:38:05,1996,2,2,76.0,-127.0
1996-01-18 17:10:49,,,,,,,,120000000000.0,0.36,1996-01-18 17:10:49,1996,1,17,0.0,0.0
1996-01-15 13:44:23,59.8S,175.8E,,,,,,260000000000.0,0.71,1996-01-15 13:44:23,1996,1,13,-59.8,175.8
1995-12-27 12:55:01,,,,,,,,22000000000.0,0.079,1995-12-27 12:55:01,1995,12,12,0.0,0.0
1995-12-22 13:26:29,70.2S,73.3W,,,,,,450000000000.0,1.1,1995-12-22 13:26:29,1995,12,13,-70.2,-73.3
1995-12-09 19:54:26,2.9S,79.0W,,,,,,120000000000.0,0.36,1995-12-09 19:54:26,1995,12,19,-2.9,-79.0
1995-11-25 05:29:31,,,,,,,,29000000000.0,0.1,1995-11-25 05:29:31,1995,11,5,0.0,0.0
1995-11-13 03:10:47,,,,,,,,21000000000.0,0.076,1995-11-13 03:10:47,1995,11,3,0.0,0.0
1995-10-01 02:42:01,,,,,,,,35000000000.0,0.12,1995-10-01 02:42:01,1995,10,2,0.0,0.0
1995-09-09 07:38:38,,,,,,,,500000000000.0,1.3,1995-09-09 07:38:38,1995,9,7,0.0,0.0
1995-08-24 21:54:35,,,,,,,,120000000000.0,0.36,1995-08-24 21:54:35,1995,8,21,0.0,0.0
1995-08-17 16:39:02,,,,,,,,160000000000.0,0.46,1995-08-17 16:39:02,1995,8,16,0.0,0.0
1995-08-06 04:38:09,,,,,,,,55000000000.0,0.18,1995-08-06 04:38:09,1995,8,4,0.0,0.0
1995-08-05 17:14:10,11.6N,104.3W,,,,,,200000000000.0,0.56,1995-08-05 17:14:10,1995,8,17,11.6,-104.3
1995-07-11 18:38:41,28.5S,93.3E,,,,,,130000000000.0,0.38,1995-07-11 18:38:41,1995,7,18,-28.5,93.3
1995-07-09 18:20:09,0.9S,66.3E,,,,,,25000000000.0,0.08900000000000001,1995-07-09 18:20:09,1995,7,18,-0.9,66.3
1995-07-07 17:33:37,40.2N,76.1W,,,,,,140000000000.0,0.41,1995-07-07 17:33:37,1995,7,17,40.2,-76.1
1995-06-09 09:28:38,,,,,,,,25000000000.0,0.08900000000000001,1995-06-09 09:28:38,1995,6,9,0.0,0.0
1995-04-02 12:32:38,,,,,,,,25000000000.0,0.08900000000000001,1995-04-02 12:32:38,1995,4,12,0.0,0.0
1995-02-16 13:05:47,16.7N,141.7W,,,,,,60000000000.0,0.19,1995-02-16 13:05:47,1995,2,13,16.7,-141.7
1995-01-18 10:17:26,51.5N,115.4E,,,,,,70000000000.0,0.22,1995-01-18 10:17:26,1995,1,10,51.5,115.4
1995-01-10 21:08:41,,,,,,,,25000000000.0,0.08900000000000001,1995-01-10 21:08:41,1995,1,21,0.0,0.0
1995-01-02 20:41:38,,,,,,,,30000000000.0,0.1,1995-01-02 20:41:38,1995,1,20,0.0,0.0
1994-12-18 12:45:40,,,,,,,,50000000000.0,0.16,1994-12-18 12:45:40,1994,12,12,0.0,0.0
1994-12-16 09:41:03,42.2S,27.6E,,,,,,50000000000.0,0.16,1994-12-16 09:41:03,1994,12,9,-42.2,27.6
1994-11-03 20:01:36,6.5N,89.0E,,,,,,2350000000000.0,5.0,1994-11-03 20:01:36,1994,11,20,6.5,89.0
1994-11-01 06:50:46,1.5S,84.5W,,,,,,1000000000000.0,2.3,1994-11-01 06:50:46,1994,11,6,-1.5,-84.5
1994-10-27 04:21:29,,,,,,,,320000000000.0,0.85,1994-10-27 04:21:29,1994,10,4,0.0,0.0
1994-10-20 00:11:21,45.2S,1.9W,,,,,,87000000000.0,0.27,1994-10-20 00:11:21,1994,10,0,-45.2,-1.9
1994-10-08 03:24:22,,,,,,,,66000000000.0,0.21,1994-10-08 03:24:22,1994,10,3,0.0,0.0
1994-09-22 04:22:17,,,,,,,,67000000000.0,0.21,1994-09-22 04:22:17,1994,9,4,0.0,0.0
1994-08-15 23:16:48,,,,,,,,164000000000.0,0.47,1994-08-15 23:16:48,1994,8,23,0.0,0.0
1994-06-15 00:02:26,45.0N,73.5W,,,,,,41000000000.0,0.14,1994-06-15 00:02:26,1994,6,0,45.0,-73.5
1994-06-03 20:48:42,,,,,,,,509000000000.0,1.3,1994-06-03 20:48:42,1994,6,20,0.0,0.0
1994-05-29 09:30:58,52.8N,2.3E,,,,,,384000000000.0,1.0,1994-05-29 09:30:58,1994,5,9,52.8,2.3
1994-02-01 22:38:09,2.7N,164.1E,,,,,,18200000000000.0,30.0,1994-02-01 22:38:09,1994,2,22,2.7,164.1
1993-11-29 17:48:41,26.5N,78.3E,,,,,,26000000000.0,0.092,1993-11-29 17:48:41,1993,11,17,26.5,78.3
1993-10-31 03:39:27,51.3N,100.9W,,,,,,40000000000.0,0.13,1993-10-31 03:39:27,1993,10,3,51.3,-100.9
1991-10-04 09:22:47,78.7N,6.3E,,,,,,550000000000.0,1.4,1991-10-04 09:22:47,1991,10,9,78.7,6.3
1990-10-01 03:51:47,7.5N,142.8E,,,,,,2500000000000.0,5.2,1990-10-01 03:51:47,1990,10,3,7.5,142.8
1988-04-15 03:03:10,4.1S,124.3E,,,,,,7580000000000.0,14.0,1988-04-15 03:03:10,1988,4,3,-4.1,124.3
